sample_id,q1_rad,q2_rad,q3_rad,q4_rad,q5_rad,q6_rad,ee_x_m,ee_y_m,ee_z_m,ee_zaxis_x,ee_zaxis_y,ee_zaxis_z,camera_x_m,camera_y_m,camera_z_m,camera_zaxis_x,camera_zaxis_y,camera_zaxis_z
1,-0.797955318517004,2.73904595116225,-1.16231404375226,-0.699390377578137,-0.511964766868275,2.20528706797096,0.322070373596157,-0.242440099093735,-0.200690175292484,0.536079984073884,-0.0980154805762216,-0.838457641293081,0.276172924853172,-0.275068076221818,-0.184477855673923,0.536079984073884,-0.0980154805762216,-0.838457641293081
2,1.54916660421616,1.55248470451307,-1.12815325931137,-1.50076884900512,0.141550101751204,0.754792401438723,0.0363980985579336,0.444114686457396,0.279224853711262,0.160846687017985,0.927753154243734,-0.336752769945759,-0.00043557973336715,0.428289239748196,0.321966348537569,0.160846687017985,0.927753154243734,-0.336752769945759
3,-0.00895467766839486,0.325496375512392,-1.31169440296027,-1.47338436909431,0.754615697534229,0.535090561531585,-0.0815470940825215,-0.129351401949346,0.587312607067756,0.400014136991783,-0.68537308172644,0.608483713053621,-0.105572198198107,-0.0782879694700349,0.603102484700787,0.400014136991783,-0.68537308172644,0.608483713053621
4,0.900157137109159,1.98606285733942,-1.0488744869413,1.49664319523239,-0.709430993274831,-0.141835830172682,0.362094460156048,0.256962368246078,0.0951770735994129,0.842689940554574,0.0169972505358773,-0.538130799678246,0.351676919355411,0.224560350388749,0.142880156124973,0.842689940554574,0.0169972505358773,-0.538130799678246
5,1.61354276939684,1.56141872475058,-0.711565005327045,-1.05563675361766,0.420802037689474,2.34232927629976,0.0534131919809128,0.323782407777333,0.100396335757299,0.332896538951998,0.535639255604843,-0.77606087532414,0.0843341308966322,0.307250927878022,0.147349564708129,0.332896538951998,0.535639255604843,-0.77606087532414
6,-1.58969315183775,1.36679963437264,-2.46056296507981,-0.904379143837497,0.364866203806208,2.09884127702508,-0.0555838330942941,-0.152402580131144,0.795428234194741,-0.290990739004712,-0.553614445095597,0.780279075712649,-0.0874975593729233,-0.112146904294152,0.767232584921852,-0.290990739004712,-0.553614445095597,0.780279075712649
7,0.900556336864595,0.206307993723444,-1.31853049118914,-0.55461121679234,-0.359897065400182,2.56230935936749,-0.14605444747076,-0.125291026552133,0.637906465229631,-0.107686475236206,0.162720515971346,0.9807780874047,-0.0965589071348472,-0.139717507901458,0.610048465970288,-0.107686475236206,0.162720515971346,0.9807780874047
8,1.18048169458837,1.10066987229434,-1.02607506901093,-0.278496470207224,0.167993555896162,2.59709698793935,0.134812441699025,0.308175369998768,0.385277480808037,0.418379119324751,0.896087321007162,-0.148278203533942,0.149486969623546,0.257911620282947,0.358967526518876,0.418379119324751,0.896087321007162,-0.148278203533942
9,0.54592319495949,0.582533135069557,-0.527415535944987,0.745803087307666,-0.858973743991692,-1.91404109323337,0.178749227196854,-0.00501367555928169,0.444174932643929,0.809469308134422,-0.109409088278203,0.57687874860365,0.13951279254861,0.0384329928668677,0.446799660965558,0.809469308134422,-0.109409088278203,0.57687874860365
10,-0.956568711656835,1.35404397230982,-1.27952968248693,-0.741638904047141,0.720191553778862,1.654819330211,0.140100089407009,-0.344495228594384,0.339295544357813,0.0726611048385683,-0.87605485335605,-0.476705630085223,0.105983277668444,-0.332458064158402,0.385394891740791,0.0726611048385683,-0.87605485335605,-0.476705630085223
11,-1.06618995742209,1.8969523752044,-2.31565592813433,0.560470705663048,-0.335117071120084,0.957989150168497,0.193426860509111,-0.416810823787236,0.657800207457194,0.181059778999047,-0.689442533647101,0.70134609803369,0.142666237825279,-0.407675150240468,0.629981173440956,0.181059778999047,-0.689442533647101,0.70134609803369
12,-0.964617718783556,2.0798894348518,-1.60634463519838,-0.356739875796408,-0.64350859124682,1.2689887743556,0.36765108995572,-0.457763724167904,0.323958331429724,0.715080935265907,-0.663723071665547,0.219387648143845,0.312460849977905,-0.457980843490905,0.343655800058733,0.715080935265907,-0.663723071665547,0.219387648143845
13,1.50469457821381,2.77520884722673,-1.31422654386953,-1.01189069302316,0.225970392917482,-1.70588557760862,0.0591526185637621,0.355589832983081,-0.231041994663422,0.194455084995753,0.0615849972980533,-0.978976255088495,0.0301361045356476,0.312605843559348,-0.20375795964518,0.194455084995753,0.0615849972980533,-0.978976255088495
14,-0.422266028739515,2.5677894250009,-1.52063976978092,1.4036517311489,-0.278721330587231,1.1204884785037,0.461606309024835,-0.26395092250019,-0.0845760407248304,0.426040366814333,-0.488844128306842,-0.761262782529549,0.404185759189201,-0.256720097964736,-0.0753784522848614,0.426040366814333,-0.488844128306842,-0.761262782529549
15,0.417638434792404,0.442047721674491,-1.56114361599293,1.40051784946568,-0.976011160104922,-0.655363269988211,-0.0862226145350248,-0.20856684779456,0.622444781096229,0.393769051535023,-0.718314850707465,0.573558810677964,-0.130812923523236,-0.214298551381579,0.584856858590105,0.393769051535023,-0.718314850707465,0.573558810677964
16,-1.22220751572657,0.800787123212821,-1.69531168431371,1.39852060533415,0.00548636853660467,1.71389914006887,0.0180492016724725,-0.0459253644782754,0.726779517221646,0.195099758214575,-0.521013021818337,0.830952173978948,0.0232676956071406,-0.0648529578743769,0.67156617164935,0.195099758214575,-0.521013021818337,0.830952173978948
17,-0.705578063958519,1.45323677572665,-0.253553070808461,-1.21027401858952,-0.943605298775698,1.16477230869352,0.264124616091641,-0.0342513746102532,0.115881864618082,0.883960978522365,0.242232024689352,-0.399920785487178,0.255061528058057,-0.0679828729320131,0.162935519696775,0.883960978522365,0.242232024689352,-0.399920785487178
18,2.03435616009073,0.464753982875995,-0.980286255973699,-1.16714548598947,0.425942591127169,0.7099681952386,0.0129706966907382,0.135118368946445,0.50805534132756,-0.0366844093844234,0.923191491454523,0.382585577634715,0.00326598272395241,0.0849397679472736,0.53672460236772,-0.0366844093844234,0.923191491454523,0.382585577634715
19,-1.29495380985663,1.79894250833139,-1.10243164143145,-0.816095309411914,0.338934284453064,-2.4863396934676,0.0742323971661401,-0.428554843487088,0.127663794591768,-0.0579113235488032,-0.68471971177844,-0.726502026774101,0.0607310997008944,-0.371696152181831,0.123327414787316,-0.0579113235488032,-0.68471971177844,-0.726502026774101
20,2.07584089899081,0.418491412770753,-1.75148536765471,0.498101302694558,0.00858806489393316,0.174788894831991,0.0960374945045377,-0.177907747151585,0.704419989286061,-0.0797724153415157,0.135793205638393,0.987520413486744,0.142017342807928,-0.200237077372503,0.675762449931078,-0.0797724153415157,0.135793205638393,0.987520413486744
21,-0.569617331024471,2.32993234868165,-1.87641040457249,0.4922417835558,0.927115673945901,-0.95704250247804,0.475034651299132,-0.217006143074562,0.0735352863170775,0.463141382826953,0.152300222655171,-0.873100625181498,0.499763777222651,-0.217463444939274,0.126660244727069,0.463141382826953,0.152300222655171,-0.873100625181498
22,1.47705055464183,2.38285819256775,-2.26038204564546,-1.12979882253798,-0.186663795595061,1.05880497697145,0.0297368445928704,0.665120716526762,0.317629919703215,-0.0748954024723809,0.996195926484232,0.0445460968517236,0.0291531232982419,0.62791873067571,0.362903217773803,-0.0748954024723809,0.996195926484232,0.0445460968517236
23,0.74316388215824,2.07861640586266,-2.53936571889545,-1.22469707031977,0.579538413399613,1.932506394545,0.450005638176022,0.280532189965384,0.558064419202597,0.945724146605105,0.16938951713388,0.277331985196799,0.416075850722602,0.23581083353858,0.574880179747768,0.945724146605105,0.16938951713388,0.277331985196799
24,0.105802401103217,1.90174963647426,-1.20713234631365,0.76171930358751,-0.958768952938221,-0.0407705504225708,0.501528910126965,-0.0542114301623494,0.287879843530835,0.864928335595072,-0.476216459850601,0.158482988525896,0.453521022213226,-0.0567586102510046,0.321387373604803,0.864928335595072,-0.476216459850601,0.158482988525896
25,-1.27270596221676,1.1104671970818,-1.22315882258009,0.803577872105996,-0.192577022251527,0.0430588160731307,0.0696617889376486,-0.312981778370795,0.524277684604915,0.143075639675198,-0.934777458550859,0.325146835009555,0.0272304967033483,-0.276203792410682,0.541039700833433,0.143075639675198,-0.934777458550859,0.325146835009555
26,-1.74843059140659,0.764125565449434,-1.85136461153602,-0.164992673835852,-0.57034047209407,-1.33803477967356,0.0427750082090956,0.134479374917376,0.767239455202745,0.116694218429477,0.148096839646975,0.982064043467488,0.0852096093317318,0.124636385829061,0.728042258959007,0.116694218429477,0.148096839646975,0.982064043467488
27,1.84529371115442,1.81343115606635,-0.283705100459055,0.3893802032781,-0.547420989129611,-2.24645831685695,-0.0360963793555455,0.262578634125197,-0.00441441487547997,0.0311220600167208,0.618421992461029,-0.785229683991153,-0.0770463270097523,0.222162569754718,0.00670509626120963,0.0311220600167208,0.618421992461029,-0.785229683991153
28,0.218485247930909,1.407916507476,-0.883657156564118,0.85552755707114,-0.220871073952319,0.381020531148299,0.396908475368715,0.0567162360017982,0.268240231597691,0.958207780089595,0.0433292304338935,-0.282772749687408,0.370450189788204,0.0121110504170211,0.295522763428292,0.958207780089595,0.0433292304338935,-0.282772749687408
29,-1.387406312169,2.8234118530279,-1.31741443141899,-0.737849205001776,-0.594809542713207,2.5599513987645,0.151935891619931,-0.418656510888234,-0.204619582339255,0.468236577337608,-0.457559494650388,-0.755905957443414,0.0946489105609449,-0.40688444494839,-0.200929018065962,0.468236577337608,-0.457559494650388,-0.755905957443414
30,0.892626717457399,2.15744839121008,-0.967603447787792,0.919923058064821,0.176711144699867,0.0182567151813799,0.217807305326911,0.314293497259203,-0.0470423596619117,0.110180984416048,0.359675046337179,-0.926549519300215,0.260663195904662,0.300195543351485,-0.00964422684216137,0.110180984416048,0.359675046337179,-0.926549519300215
31,1.7847334211505,1.26747463748383,-1.97320083252411,-0.720108031028347,0.888877140152938,1.1455203499568,0.0377129882570685,0.28200008022653,0.603179703122783,0.318138398006197,0.947221270006892,0.0394946244516968,0.0535699574950268,0.238239618003922,0.638782771426655,0.318138398006197,0.947221270006892,0.0394946244516968
32,1.6637398090132,1.22716012149352,-1.02561659586037,-1.54473815598268,0.922393651215876,-0.170990606343072,0.123918481923218,0.309945910251741,0.374424371343177,0.737884128968331,0.668965452766409,-0.0895110899368417,0.0667187958777027,0.319608822041527,0.366128345063249,0.737884128968331,0.668965452766409,-0.0895110899368417
33,0.0937917743302705,2.32259803021435,-1.74605144756112,0.415448532413811,-0.380123190833943,-1.06762409008298,0.633390932360334,0.032150414974294,0.186452204027067,0.988932856962372,-0.0573884369539144,-0.136815100497819,0.605442800240063,0.0640928186911223,0.22685746056355,0.988932856962372,-0.0573884369539144,-0.136815100497819
34,0.688379842094812,1.38261255272035,-2.31241348187124,-0.870068572368451,1.03603501981733,1.12416819706935,0.257278270509318,0.0501717519238129,0.658293047774404,0.989179455976843,-0.0378739632362018,0.141737668889188,0.216424778835235,0.0212196824550698,0.688735943357983,0.989179455976843,-0.0378739632362018,0.141737668889188
35,0.751393385773391,1.07855108722386,-2.51403626040248,0.232390419308164,-1.01820855532356,-1.32967400599394,-0.174257283390823,-0.212135891615677,0.745761443510956,-0.452325713460006,-0.690806165516786,0.564081811997951,-0.200010261661008,-0.167883529155928,0.717256838147149,-0.452325713460006,-0.690806165516786,0.564081811997951
36,-1.45774119473272,1.42672073861663,-0.696393284103211,0.421882404539033,-0.406918156956172,-1.17537220351822,0.013804777673039,-0.38453243818011,0.225468582309524,-0.053698304036365,-0.963643239438349,-0.261740709918007,0.0498180148712783,-0.361031491705629,0.265277529310254,-0.053698304036365,-0.963643239438349,-0.261740709918007
37,-1.98751130298096,0.642913272810065,-0.811386218055085,-1.35383434039146,0.917515597330344,-0.397465873428649,-0.195153262180145,-0.0757024636427714,0.397142785317419,-0.964628202323306,-0.263356662789953,-0.011649010543642,-0.149004196083026,-0.111723979994504,0.394551635363134,-0.964628202323306,-0.263356662789953,-0.011649010543642
38,0.428556771861303,1.22238418555024,-1.60621851739224,-0.23640874997484,-0.169035762649009,-1.58863995041023,0.266793226296265,0.1316795740567,0.645736552211313,0.715054748105382,0.370011392504248,0.593117422294284,0.227851514430214,0.162386598164016,0.614517619695704,0.715054748105382,0.370011392504248,0.593117422294284
39,-0.015246253540131,0.269671810294179,-1.1911709126657,-1.48674617710815,0.81752961035878,2.03485994191751,-0.0720435155969126,-0.137631423429578,0.553697850121051,0.405219781025317,-0.733148925266747,0.546158935151672,-0.129087520690545,-0.129186626807034,0.543273508756654,0.405219781025317,-0.733148925266747,0.546158935151672
40,-1.18667675479237,1.13561588117329,-1.99576694241467,0.843826768810197,-0.601862810234213,-0.291398776814414,-0.0486561020158839,-0.092723064179575,0.779081420989075,-0.326370617743727,-0.321426379456117,0.888913551737912,-0.0707686167872396,-0.04854585814233,0.74756299531092,-0.326370617743727,-0.321426379456117,0.888913551737912
41,-1.13359342436113,1.13421529616004,-0.370407454997013,-1.60691761680554,-0.807638722048502,-0.632669877935007,0.215668837872726,-0.135799918310349,0.164622218069526,0.875529119026281,-0.167685532715048,-0.453133891752907,0.191179212429022,-0.0836314723032799,0.175238784691301,0.875529119026281,-0.167685532715048,-0.453133891752907
42,1.60514244920856,0.759690572023713,-0.292055546521151,1.54921372984261,-0.273932211326097,2.7404447847729,0.0438086266077807,0.228480037799829,0.200528126811382,0.239537781624812,0.904826962852313,-0.35200826477474,-0.0059283213977189,0.199115352410408,0.190631094171314,0.239537781624812,0.904826962852313,-0.35200826477474
43,-1.78088337285694,2.30746581050536,-1.15586538652392,0.399525814442057,-0.0221702879794539,-1.58001459990593,-0.0940113230317814,-0.439225584062994,-0.059681954254622,-0.113295265195993,-0.489957528545955,-0.864352823276068,-0.0507987641768351,-0.446440129785568,-0.0207637697231631,-0.113295265195993,-0.489957528545955,-0.864352823276068
44,-1.67698178602989,1.95200654318995,-0.614446387123956,0.559415610826242,-0.0623599051332517,2.51219030294518,-0.0371373848481991,-0.300127262246363,-0.0330282576995642,-0.0715256107729982,-0.358987914136681,-0.930597530894718,-0.0333100386509441,-0.243763950322825,-0.0174549314621717,-0.0715256107729982,-0.358987914136681,-0.930597530894718
45,0.431094440425926,0.797789167961693,-0.902256218026213,-0.591448118812121,0.54662512220468,2.8155054080802,0.241174669354447,0.0512897598034454,0.364821185121834,0.957710848683585,0.121478357849217,-0.260831245996384,0.205110736609911,0.00876796480634019,0.346785395557145,0.957710848683585,0.121478357849217,-0.260831245996384
46,-1.08510855352113,2.79046359071579,-0.87180970629661,-1.33467298724778,-0.558064709787116,2.45668448136236,0.186488775863448,-0.141934550739693,-0.216677054391118,0.409147284954749,0.327788705714033,-0.851559195605612,0.146929965409241,-0.184804402244562,-0.211084528360909,0.409147284954749,0.327788705714033,-0.851559195605612
47,-0.0952648504578288,2.65102340351802,-0.670561622995701,-1.58850706161552,0.594592792757294,1.05013257900494,0.144507911726555,-0.121299710177176,-0.163751746044324,-0.305211873814829,-0.53347430316334,-0.788828802685874,0.191135666717358,-0.0858850593484177,-0.161373727710756,-0.305211873814829,-0.53347430316334,-0.788828802685874
48,1.73259426808229,1.79752032844385,-1.04240586466169,-1.28228101561118,-0.628727485998696,-2.62043807490337,-0.177953804447535,0.419279053891307,0.183194080510704,-0.675425892095996,0.638169811223353,-0.369512051670144,-0.12955203908388,0.400091838339952,0.156303192294293,-0.675425892095996,0.638169811223353,-0.369512051670144
49,-0.261326475981974,1.07991763231921,-1.86480071277902,-0.0116999202321351,-0.698975392823714,2.4517916592878,0.0355733345249265,-0.00655631079904686,0.78376422377741,0.00168180326480436,0.0073517158033701,0.999971561501888,0.0624665709388777,-0.0453172285761029,0.7490029653384,0.00168180326480436,0.0073517158033701,0.999971561501888
50,2.0743102847279,1.82847467107515,-2.56018724102867,1.3289540573048,0.401632899970358,-2.40859404630949,-0.250699161650508,0.304149800704394,0.70521146850832,-0.668752003700913,0.427380050637937,0.60837245981613,-0.248682921163964,0.247720133664854,0.689538962259892,-0.668752003700913,0.427380050637937,0.60837245981613
51,2.33916072659793,1.04565538695449,-0.597930688123208,-0.127120481717183,0.191362661695156,-0.126630158603666,-0.19768381123887,0.209143002475734,0.214874086591226,-0.574835602746414,0.62946216280649,-0.522820634070753,-0.202682558413826,0.196278265067877,0.271825917625072,-0.574835602746414,0.62946216280649,-0.522820634070753
52,0.247182496021749,0.652444539450199,-1.13673052943682,-1.13832647098152,-0.119786200107488,0.212636281232866,0.136471289256521,0.0564231401810534,0.581666511667777,0.756856773818608,0.302882478755986,0.579163213600033,0.0816394216970442,0.0770942816136926,0.582079079009885,0.756856773818608,0.302882478755986,0.579163213600033
53,-2.18500210818047,0.689995089799914,-1.16026932068937,0.422990876908509,-0.296954645877,0.771825870196776,-0.0917079834169769,-0.092481715639941,0.617362792738049,-0.484433651916857,-0.478532841462563,0.732345790274145,-0.100312852994017,-0.0371718105374045,0.600020053130059,-0.484433651916857,-0.478532841462563,0.732345790274145
54,1.84393129198895,0.873442454264127,-1.86706997901691,-1.23521772441308,0.0627480049553175,1.81297147797383,0.00157506366960533,0.0345640020818949,0.756142068020191,-0.074585787392145,0.48574608803361,0.870911992269677,0.0383449884668705,-0.00929756019368723,0.743566854894812,-0.074585787392145,0.48574608803361,0.870911992269677
55,-0.943538121805378,2.38298062061068,-1.50138938145818,0.166659767967993,1.06750738442681,1.07264212227449,0.237239429775213,-0.277596110333485,-0.0474257767378175,-0.0456839852620772,0.310618851283625,-0.949436097227094,0.214113589013682,-0.326793778957116,-0.0255446229503299,-0.0456839852620772,0.310618851283625,-0.949436097227094
56,2.21547254619252,0.428199459403595,-0.382210712133765,-1.45607805516267,-0.82719334023986,0.738861901518176,-0.191180214003552,0.021614839208733,0.319201841675582,-0.988809361949433,0.0984454497866756,0.112091655075007,-0.156151535547469,-0.0152427173533603,0.348331074585023,-0.988809361949433,0.0984454497866756,0.112091655075007
57,-0.612120281257978,1.0601112455603,-0.630761149894263,-0.653898213021933,0.235985867686901,-0.214932881630756,0.224686873256764,-0.189566163601721,0.22453301573325,0.616959901899538,-0.60693040046693,-0.500994978455039,0.239602629132759,-0.151052314044801,0.266104684198138,0.616959901899538,-0.60693040046693,-0.500994978455039
58,-0.977386202672086,2.50941597085443,-1.17731234366806,-1.41629244374594,-0.51317952683529,-1.86021545652981,0.307655923741549,-0.290045538992958,-0.116579571317406,0.598172082470149,-0.0193383769958344,-0.801134312664545,0.259542290684618,-0.257327921710705,-0.109605631725256,0.598172082470149,-0.0193383769958344,-0.801134312664545
59,0.28419269557972,0.728107764513896,-1.36702318479425,0.756362002966227,0.999172055505777,1.48290585755459,0.0979379330304268,0.144529361315842,0.498072833132741,0.616351805336583,0.781328648747534,-0.0981631025624581,0.108277672526298,0.0894325707938912,0.481001410774373,0.616351805336583,0.781328648747534,-0.0981631025624581
60,1.89068623618353,0.158033252755102,-1.38908440878016,-1.16248727340961,-0.406277377272324,-1.85738591020794,0.00228505160205377,-0.229000386656422,0.62134200146108,-0.368697850509489,-0.0404330014907859,0.928669514639157,-0.00565646405338409,-0.1859599401476,0.582374678055236,-0.368697850509489,-0.0404330014907859,0.928669514639157
61,0.437814648895563,2.01540024178342,-1.71511285552719,-1.4717404877366,-0.994419003759608,-2.5102916625796,0.387417193454352,0.357459327078195,0.327222286069801,0.144591065928702,0.988900418154549,-0.034196295521026,0.412399254241834,0.317220498410654,0.292715282341938,0.144591065928702,0.988900418154549,-0.034196295521026
62,-1.80199293363505,0.895443040684606,-0.393702121956378,1.55666880761001,1.08498625412086,-0.86596404008417,0.126657571449327,-0.199069035047487,0.244628291749565,0.763894804578398,-0.613737647262167,-0.199476384244428,0.0776043874059719,-0.212549787145397,0.273715307032736,0.763894804578398,-0.613737647262167,-0.199476384244428
63,-0.978755416347918,0.686161172632475,-0.758306043253766,0.718938539924786,-0.68318718277481,-0.373383528389382,0.0324216910314943,-0.188591499277941,0.500417082877359,0.0402574130369307,-0.804849052799446,0.592112609985135,0.00468683107126249,-0.138211992221489,0.511672428795421,0.0402574130369307,-0.804849052799446,0.592112609985135
64,-2.14134690858465,2.0093680431222,-0.666326246325764,1.19670044221064,0.626634906545607,-0.375901505007143,-0.0497044881010957,-0.271445471813047,-0.023428953403012,0.43389912998064,-0.334551995911993,-0.83654438437739,-0.106509286605178,-0.275229700463965,-0.0095403076652822,0.43389912998064,-0.334551995911993,-0.83654438437739
65,-0.717127155800112,0.313528043032574,-0.573119786404394,-1.29912138072126,-1.0846613938158,-1.2714606233966,0.134626115129485,0.0989517451533671,0.415370937676375,0.83015714416934,0.406155640228706,0.38193809955936,0.119543523456229,0.0968176422259956,0.358785064588535,0.83015714416934,0.406155640228706,0.38193809955936
66,2.08651549684766,2.06245686097376,-1.62604137823012,1.1770660845264,0.383915453906817,0.610963781042325,-0.334019038981034,0.45415429987095,0.209158376775419,-0.706328152985028,0.544600539436575,-0.452228695182151,-0.276414042616368,0.464902801470326,0.209524583267744,-0.706328152985028,0.544600539436575,-0.452228695182151
67,0.379906305803947,0.984986812238944,-1.49688821445464,-0.335480719497219,-0.796477164576961,2.5590091772609,0.0753957899050922,0.0799534226026034,0.716152536753671,0.0954450581170175,0.29154890704996,0.951782262746587,0.115091205267762,0.0509133694281734,0.684294267641689,0.0954450581170175,0.29154890704996,0.951782262746587
68,-0.659525514856817,2.52229815295506,-2.46181579304546,-0.251176252838543,-0.931899017576147,-1.05231831341093,0.504328312597902,-0.341075501351437,0.444065255174085,0.576898172786796,-0.194826259881631,0.793240963828641,0.495640646088971,-0.2887725662428,0.419106741002537,0.576898172786796,-0.194826259881631,0.793240963828641
69,2.10164864664608,2.57182676247006,-2.14093791747185,0.118329722833459,-0.450423303702747,2.27703341566454,-0.340828561920253,0.597186660068715,0.207972687068145,-0.458541931903551,0.882600098396997,0.103712887317681,-0.297912300543074,0.584263759121534,0.170220956769852,-0.458541931903551,0.882600098396997,0.103712887317681
70,-1.97266997243499,2.38240406739482,-2.13880826142133,0.725432269667198,-0.588513371942775,-1.6552589472138,-0.316458565102077,-0.567454423276261,0.334592106910629,-0.685630787352582,-0.671621888265976,0.28077475427168,-0.260791308092301,-0.564609667748061,0.352677013960221,-0.685630787352582,-0.671621888265976,0.28077475427168
71,-1.33769904707663,2.91707096005957,-1.63528790681825,0.446128664923775,-0.995745370245061,-1.51434951903116,0.0653079633023464,-0.568964687852646,-0.110257666036152,-0.143494325299968,-0.963109528410072,-0.227660745172364,0.115352659070076,-0.544324540046011,-0.0923024010260637,-0.143494325299968,-0.963109528410072,-0.227660745172364
72,1.7663978018032,1.45736284082,-2.55471378644828,-0.115609647965848,0.711661877380876,2.1018972512577,-0.0339001438688561,0.23788567210251,0.735827772306849,-0.0983389880676951,0.883939678761718,0.457143399532852,0.00982516301961849,0.221454781828322,0.700442416828822,-0.0983389880676951,0.883939678761718,0.457143399532852
73,-0.937416403304092,0.823950714638996,-0.54366008287784,-0.205267006888245,0.0155637248076832,-1.77769768665422,0.157809027166774,-0.213591822272689,0.284312560359504,0.576517795237474,-0.790486921282682,-0.206779251994848,0.170116979814271,-0.157406205568245,0.273101370540031,0.576517795237474,-0.790486921282682,-0.206779251994848
74,1.85594132049074,2.53368367750017,-0.903614364620984,-1.08228464826775,-0.576337332972573,-0.371420283656612,-0.181728973225257,0.290860336252602,-0.147403899042195,-0.540289685169585,0.132471253717413,-0.830986415675905,-0.202040183190191,0.2762926242592,-0.0944016677963538,-0.540289685169585,0.132471253717413,-0.830986415675905
75,1.89220797942779,1.27620881501234,-0.880597496344132,-0.974487545132296,-0.959975280880041,0.691725062342602,-0.225129224897493,0.263833974104592,0.396911889533895,-0.859834967761541,0.436860979630996,0.264265610116707,-0.189929867488594,0.232130272563368,0.43140653472102,-0.859834967761541,0.436860979630996,0.264265610116707
76,0.886023453709467,0.995714786416093,-1.17479794350653,-0.606024483333619,0.679657604478517,-0.760207671812861,0.226309776247131,0.170869544425982,0.4069289833291,0.837905420251748,0.460072277984807,-0.29368010784289,0.177186424612064,0.196466899842083,0.426051528134625,0.837905420251748,0.460072277984807,-0.29368010784289
77,0.209299878280536,2.54821749377828,-2.46336294545934,-0.562701010571974,0.459731857290526,2.03647710035882,0.667660095890491,0.0968185993899767,0.208313237987166,0.926669533358644,-0.0451572060715239,-0.373154663222486,0.635528279907722,0.0518356494339942,0.227757533163567,0.926669533358644,-0.0451572060715239,-0.373154663222486
78,0.00423464056871881,2.96819058878098,-1.52171179659061,-0.767202287973536,-0.0593976729168026,-1.91690218817982,0.405451960669144,0.0106022184420553,-0.281815802122864,0.251216649345018,0.0422663565954732,-0.967007626749659,0.355563821242566,0.0297286060970323,-0.257746011101214,0.251216649345018,0.0422663565954732,-0.967007626749659
79,0.343367029290987,1.4293316229754,-1.865376355297,0.832270027104325,-0.890789477803909,-2.2224469418181,0.270365599990066,-0.018952697496878,0.699680744497435,0.460102992186573,-0.446122505708661,0.767645716773818,0.252083917335534,0.0366751122920155,0.697372745925145,0.460102992186573,-0.446122505708661,0.767645716773818
80,1.10691273874708,1.15907706436535,-1.15277806347385,-0.663294320723813,0.46924334840041,-0.788531995239379,0.19706108645579,0.277521515715445,0.381640469195585,0.65966006558656,0.696227871957084,-0.283046547727483,0.14079046647924,0.286202704062598,0.395506048748419,0.65966006558656,0.696227871957084,-0.283046547727483
81,1.02946866610519,2.96978486953601,-2.35898473515616,-0.104844234207751,-0.892008485564472,1.27266341808977,0.341091595492479,0.600234396746699,0.104814872200298,0.409783979107077,0.839645691305407,0.356471883238264,0.36290027085276,0.546024370287931,0.109248235525085,0.409783979107077,0.839645691305407,0.356471883238264
82,1.9417229516204,0.401207188957896,-1.3000732078462,0.173555989110922,0.406587286685888,-1.13235116577995,-0.0239288327118223,0.0216838489837903,0.58678472767249,-0.365148176246274,0.750445692334179,0.550906591212244,-0.0411651884284845,-0.0343087693412977,0.588101820953051,-0.365148176246274,0.750445692334179,0.550906591212244
83,0.480088548594558,0.717972036205893,-0.968002726031375,0.654102241842386,-0.0885418846386605,-1.93491037428041,0.190026755240121,0.0886329417656529,0.51133968347901,0.837954979671607,0.375680032392714,0.395848412027845,0.137194836456831,0.113978284450063,0.51070567883735,0.837954979671607,0.375680032392714,0.395848412027845
84,-0.368576515672172,1.84144963971795,-1.779754759003,1.09061135915166,-0.8285837221673,-1.40632667250443,0.403924033263328,-0.289138651728506,0.486523897038825,0.38670352697392,-0.850045771098366,0.357606724298798,0.390118157340898,-0.241266874047148,0.517373381501958,0.38670352697392,-0.850045771098366,0.357606724298798
85,2.06218166259441,2.0086183986777,-0.734609447623028,1.02508709264761,-0.991654926863131,-0.482063953735392,-0.0584362389046605,0.397219122139495,0.0780237261633845,0.343947539838736,0.873437511624602,-0.344683917707085,-0.0704307453809474,0.383886679884688,0.133812414962392,0.343947539838736,0.873437511624602,-0.344683917707085
86,1.06259462470161,0.54993837518662,-1.02674376486034,-0.834841990859369,0.74657911199284,1.90286349324231,0.150795420721214,0.0751047671519515,0.448813971911058,0.860203280742429,0.509901369724703,0.00713505100434794,0.143145753578431,0.0191501930296976,0.464452649201731,0.860203280742429,0.509901369724703,0.00713505100434794
87,0.556707681593759,0.354848243237377,-2.21580361256898,0.508577742877723,-0.618570169555882,-2.15266633847158,-0.41083339178161,-0.317749168732536,0.582221734266705,-0.505447671605613,-0.647141447558461,0.570728129778447,-0.421948113837164,-0.260561120382637,0.575897963274854,-0.505447671605613,-0.647141447558461,0.570728129778447
88,-2.15292072541643,0.624867419728428,-1.32154264018841,1.21110301895311,0.584708581045644,-2.06325737586259,0.0350619688180798,-0.127118290508551,0.591923409787798,0.0314598832508171,-0.891873262499963,0.451189937147891,0.0779166404093189,-0.0871826613131837,0.590303951984351,0.0314598832508171,-0.891873262499963,0.451189937147891
89,-2.05026779878377,2.05732943306306,-1.39168913157668,-0.0151098897376671,-0.40958987227596,-0.997572519793669,-0.259861678456126,-0.505345754687373,0.209460219071426,-0.449406771434293,-0.877379933481908,-0.168041679687771,-0.210612687932362,-0.496523286296101,0.239967611353875,-0.449406771434293,-0.877379933481908,-0.168041679687771
90,1.92784903092406,1.42965129935095,-0.744986321954729,-1.0379086206806,-0.9115112431452,-1.65587093939828,-0.243939956225944,0.279812635288239,0.281522063500104,-0.893850224742902,0.448189385769384,-0.0125718022067696,-0.22570856903833,0.237078802324197,0.245808816078221,-0.893850224742902,0.448189385769384,-0.0125718022067696
91,-0.821523982693506,0.411148855889368,-0.595261147545405,-0.331214325022904,0.341070202951604,0.377799453115993,0.106286527734787,-0.142794041248961,0.340662297345733,0.596486462070062,-0.800927647187585,-0.0521421570104259,0.0846597674107726,-0.118370314444794,0.389342527489839,0.596486462070062,-0.800927647187585,-0.0521421570104259
92,-2.34148852639605,1.99771928521057,-1.79245961664214,-0.771856578402626,-0.0868557455556429,0.696105632368226,-0.39879544759345,-0.428741108514793,0.349951183830214,-0.650875047748881,-0.75714835993879,-0.0555700752194337,-0.375202804818749,-0.406374586788287,0.398706962080213,-0.650875047748881,-0.75714835993879,-0.0555700752194337
93,1.42245410685762,1.74284980108972,-2.50194303151338,0.967978942601634,-0.498296945628312,1.82509491696568,0.1176366477984,0.283852196583142,0.760538722765061,0.445412549141963,0.316860672686386,0.837381021501915,0.124446029299364,0.306031885034653,0.706727072132802,0.445412549141963,0.316860672686386,0.837381021501915
94,0.888545558241448,1.86362832801983,-1.62290603650289,-1.43269066906751,1.09491108065396,0.910220111558469,0.409833776019077,0.238090231810544,0.331752300049013,0.957018777197015,-0.218278189155637,-0.190970396216968,0.389839494197167,0.274998701974776,0.372642317468451,0.957018777197015,-0.218278189155637,-0.190970396216968
95,-1.27624845479396,0.417711430504732,-1.97722249339667,1.32751371892839,-0.620703816809177,-0.115737399281874,-0.198162873750509,0.283006032225957,0.665445116559961,-0.598647309933705,0.0288964771632838,0.800491344061065,-0.214805450420161,0.283457527612826,0.609259524156656,-0.598647309933705,0.0288964771632838,0.800491344061065
96,1.92844726658625,0.704629181654594,-1.47474968285807,0.388457565093721,0.20689182031579,0.937538039952993,-0.0499527062342936,0.0874620096327277,0.650491059157128,-0.34741867517021,0.70736018149159,0.615582519068858,0.00627077030527124,0.0744117051765715,0.640361387918305,-0.34741867517021,0.70736018149159,0.615582519068858
97,-1.09478386613242,1.35484865930532,-0.621951348142874,1.42559478892023,-0.0664968621830375,-1.09477325436817,0.14251339597678,-0.303392441116405,0.160743363639469,0.309394106142045,-0.743625693532799,-0.59270238315906,0.129887768434027,-0.307093396443988,0.217847623190004,0.309394106142045,-0.743625693532799,-0.59270238315906
98,-0.285704176863051,1.02418647496683,-1.89461100836115,-1.1912666193257,-0.73226175875326,-0.0342093330592101,0.0792096526512753,0.100899880021626,0.740555671735208,0.391240121878566,0.532292692585804,0.750730082288035,0.0485070846830432,0.121703634637927,0.695184357956336,0.391240121878566,0.532292692585804,0.750730082288035
99,-1.94818386344291,2.77624675509624,-2.20175359859751,-1.11960379533613,0.478120998713907,0.988503501531134,-0.308161840955056,-0.564465462054023,-0.0148689331840589,-0.639416105462432,-0.489415544712367,-0.592975099535515,-0.294189211488653,-0.578139101252898,0.0403741407424851,-0.639416105462432,-0.489415544712367,-0.592975099535515
100,-0.666712505411121,0.412634035942793,-2.54212952010183,-0.419523865183589,0.63312247652533,-0.297939208481443,-0.362888008552099,0.228642587888898,0.635466207759036,-0.191303381616207,-0.156119572523672,0.969035445820858,-0.369083425183058,0.279059592066979,0.606247335390716,-0.191303381616207,-0.156119572523672,0.969035445820858
101,-1.88672864419894,2.43427879636272,-0.961454914111544,-0.157084168240375,0.0732637452239344,0.150709093106329,-0.101202387309285,-0.307053558778057,-0.146792565952583,-0.0458708197562196,-0.103474885016027,-0.993573759751038,-0.113841015607252,-0.347908067905461,-0.106727941173301,-0.0458708197562196,-0.103474885016027,-0.993573759751038
102,0.611109021511644,1.98419108176988,-2.09651926351238,0.994991650004712,-0.66633010566904,-0.501368357283583,0.47884104385918,0.215496870081039,0.536357394563657,0.873857366416152,-0.0208085243661515,0.485736871643413,0.430398831489879,0.185553445128519,0.550168381598636,0.873857366416152,-0.0208085243661515,0.485736871643413
103,-1.24551860318834,0.926252568138613,-2.54110896431293,1.41229882686626,0.0444020110873506,-0.202762062962326,-0.0644252814681084,0.217936664587562,0.801820906405019,0.00195261958508707,0.131375964912639,0.991330693119117,-0.111458264572576,0.215155227291938,0.766976077421864,0.00195261958508707,0.131375964912639,0.991330693119117
104,0.11088149454927,1.1088310152568,-1.75536657921138,1.61017812040388,-0.0577176825491204,1.39525802095991,0.211689599727425,0.0124355086985228,0.702339131469209,0.744741685465565,0.0249141840351459,0.666887625738979,0.216970801625462,0.00864799518550834,0.644100281481414,0.744741685465565,0.0249141840351459,0.666887625738979
105,0.80091397957708,2.40534299104334,-1.90060534440833,-0.712561469527271,0.477093626694117,-1.78243100944681,0.454806813297858,0.388297054214181,0.0802611968436387,0.682700791093148,0.272906525743764,-0.677821258184825,0.396827649248119,0.385303390126736,0.0722953628367734,0.682700791093148,0.272906525743764,-0.677821258184825
106,1.57254370730178,0.636473326397112,-0.248288222939377,0.733874433798457,-0.803190507278103,1.99567878689112,0.0906625731359044,0.19238387953839,0.320391126810364,0.480503174935095,0.822432450758408,0.304502155685001,0.0966296547777948,0.165490759981863,0.268669235340723,0.480503174935095,0.822432450758408,0.304502155685001
107,2.03430887841044,1.75138586849501,-1.59408612991916,-0.192571588577009,0.442890906800479,-1.35623701679514,-0.209600938837446,0.45127827554942,0.308699685133053,-0.3164335057413,0.816536463296772,-0.482843701989651,-0.242306661574082,0.405606019228837,0.325384429747859,-0.3164335057413,0.816536463296772,-0.482843701989651
108,-1.75309451267625,1.46930192598504,-0.759660101528425,0.571776216435408,0.821258998112205,1.45963125759103,0.0295197397559374,-0.263750568160312,0.108946571951396,0.354248147493459,-0.263268208691172,-0.897328312430849,-0.0216050876281143,-0.23733732471402,0.120018726014531,0.354248147493459,-0.263268208691172,-0.897328312430849
109,0.552176608696165,0.933633472908304,-1.74565884458441,1.10708195349555,-0.25059351651154,-2.371881230219,0.0991310603129926,0.0120643072487048,0.736844002744585,0.555574286376089,0.0817841888166781,0.827434927216211,0.0513546637304057,0.0432792995012001,0.723538357767357,0.555574286376089,0.0817841888166781,0.827434927216211
110,1.72277979215634,1.38736709472106,-2.14445809569658,-1.63463214782751,0.334883039761001,-0.736514234017012,0.0249932959860122,0.251198990893464,0.74568024130016,0.23160953602645,0.654265717986162,0.71992596361686,-0.018514753245229,0.255980011251361,0.706716264392903,0.23160953602645,0.654265717986162,0.71992596361686
111,-0.583870150557228,1.40423379295641,-1.30936258310747,-0.659142042027651,-0.0476053140835075,-2.79069260128942,0.356651221428942,-0.227632702395681,0.432357223688999,0.849669081913916,-0.526462420782969,0.0299961788049847,0.320536611913257,-0.222047473462878,0.386547397261716,0.849669081913916,-0.526462420782969,0.0299961788049847
112,-1.54832548461652,1.01485331041773,-0.755111169416824,0.26675388524248,0.441850974148208,1.72196333084005,0.0292292265690541,-0.28159695285915,0.250774541531746,0.131106261308115,-0.817008194808396,-0.561523604011207,-0.0186207401077255,-0.247829004510258,0.252800955442488,0.131106261308115,-0.817008194808396,-0.561523604011207
113,1.65869524001635,0.489679421442125,-0.966773928140466,0.834132774680209,0.443874822664253,0.594129500472068,-0.073586294593711,0.132072447496779,0.481011914492589,-0.397394291473335,0.885907545463833,0.239260523268368,-0.0171645214543641,0.11677490309114,0.485082375273581,-0.397394291473335,0.885907545463833,0.239260523268368
114,-2.17587235439269,0.708494156111742,-1.75948631363073,0.471007425298007,-0.620580974961609,-2.39130576604308,0.0374034605802442,0.140460542862686,0.749043932227827,-0.143396438678027,0.256551109372583,0.955834185229926,0.0662195845189129,0.0933723890158955,0.729388480860527,-0.143396438678027,0.256551109372583,0.955834185229926
115,2.26472927910818,0.741300826224784,-0.175499170119618,0.363959455571022,-0.553439098613549,0.101498217606886,-0.121033161333314,0.199287357245969,0.248624061332605,-0.483793235138139,0.874062722672568,0.0442545191905846,-0.0862899159078469,0.17638578081211,0.289884510847242,-0.483793235138139,0.874062722672568,0.0442545191905846
116,1.00294505922186,0.891389871430021,-2.28377265770629,0.163790131958649,-0.617291722226966,-1.06158359804524,-0.120213691382464,-0.219350770958436,0.778426881384269,-0.186378231281439,-0.467624549904314,0.864054648289789,-0.159361602661231,-0.204958549826918,0.737264944920938,-0.186378231281439,-0.467624549904314,0.864054648289789
117,2.22959233951635,1.03077232613748,-0.265323434941965,-0.294931188638596,-1.07530741102656,-1.07349002737378,-0.198375880362257,0.174243066461482,0.308697237536496,-0.752142503194632,0.553816264707491,0.357168307431601,-0.195657005302856,0.115725888835169,0.307165036158793,-0.752142503194632,0.553816264707491,0.357168307431601
118,-1.62480329831556,2.9662772586804,-1.46928437864288,0.149111825147906,-0.521919415442665,2.1621230578615,-0.0378791953016772,-0.464495101482397,-0.248099172628718,-0.107731675607031,-0.620728586357157,-0.776588635089355,-0.0678768705340972,-0.41510930622279,-0.238343010103094,-0.107731675607031,-0.620728586357157,-0.776588635089355
119,-1.87053500474329,2.48438816059881,-1.52526634951156,1.38612862532742,0.0615147007660162,2.09595738404159,-0.148853610822485,-0.52160165078214,-0.0507447694015827,-0.129338970263019,-0.623133813114837,-0.771346667669127,-0.119085237820409,-0.471127003704778,-0.0511371610746426,-0.129338970263019,-0.623133813114837,-0.771346667669127
120,-0.693614336089082,1.28783071496582,-1.1108117678956,1.35702151992291,-0.805960505983668,-2.58766975682711,0.171368769475414,-0.317228430292745,0.421385058165097,0.0900593514444215,-0.991826801688849,0.0903820151859824,0.212209323654932,-0.277095620666391,0.433851281562934,0.0900593514444215,-0.991826801688849,0.0903820151859824
121,-0.813362399585933,0.426212583408285,-1.4900537950572,-1.55291627914251,0.385157276533212,-2.19529120963787,-0.113700761814418,0.0158569784385527,0.664888112759643,-0.00926663205898835,-0.536946726223577,0.843565256947005,-0.110068426337949,-0.00491727947725016,0.61021420356125,-0.00926663205898835,-0.536946726223577,0.843565256947005
122,-1.41541514035231,1.65523650811342,-1.03936672471833,-0.416827745555326,0.233772180306197,1.95778884503868,0.048562715135773,-0.417418052834931,0.166530254103792,0.0208054132845356,-0.738865760862285,-0.673531381751034,0.00120915092133882,-0.396210661075642,0.193767847443834,0.0208054132845356,-0.738865760862285,-0.673531381751034
123,0.951648865834169,1.26726168215167,-1.17405319423742,-0.82514613085811,0.499253425912636,-0.885503670428695,0.26333682941754,0.255425580764237,0.35861610465605,0.794811303273455,0.509253260987923,-0.330054705104956,0.208022687399862,0.274617595697372,0.361068094797646,0.794811303273455,0.509253260987923,-0.330054705104956
124,-1.98564195817438,1.01110460330356,-1.83298305562588,-1.57222577880534,-0.711253103359678,2.03991303844552,0.0735306649015899,-0.14238197903006,0.703083857687616,0.409503608390938,-0.689768280529118,0.597098412232613,0.0544250404219627,-0.0892899763377059,0.718902023300561,0.409503608390938,-0.689768280529118,0.597098412232613
125,0.734890154109926,2.5775752613349,-1.90449620733432,1.30567739808182,-0.639496290664251,2.62347855475072,0.534297121883673,0.335097449833847,0.0712976132291821,0.946354553164583,0.078969439884959,-0.313331912305334,0.486392796237853,0.353370906268423,0.0429205736663077,0.946354553164583,0.078969439884959,-0.313331912305334
126,-0.403569521124228,0.805751294378427,-0.575720016052845,-0.460201536618977,0.00334685365615361,1.39985411740148,0.243670770733118,-0.102978899446533,0.305170194663781,0.909322747899318,-0.38990820029787,-0.145271247992542,0.200596835113813,-0.125789484409471,0.337701922006677,0.909322747899318,-0.38990820029787,-0.145271247992542
127,1.56380937764483,1.27177499524831,-2.32758459521401,-0.773644610951905,0.641111247564427,2.46913691717694,0.0799688573404669,0.166120347447994,0.744713172673677,0.42294419241448,0.718815258044045,0.551745262694603,0.106638647258921,0.132116183081,0.705134907029413,0.42294419241448,0.718815258044045,0.551745262694603
128,0.321661771705399,2.80784892073834,-1.11244897190878,1.6090704085425,0.576117311545485,-1.77689911063405,0.241671536059807,0.19006797610263,-0.222903108579652,-0.182037036936412,0.513135118031213,-0.838781776045776,0.290113078346959,0.192767104014797,-0.190037751600671,-0.182037036936412,0.513135118031213,-0.838781776045776
129,-0.973720176154568,1.5046611100399,-2.24761456222219,-0.896540061484094,-0.700365790761586,0.972232045821558,0.195801821995889,-0.115394643660539,0.766661309167355,0.539449377748117,0.102007047091304,0.835816326228964,0.145648120089988,-0.0879473368569374,0.753806289355504,0.539449377748117,0.102007047091304,0.835816326228964
130,-0.820971518665915,2.39120035269022,-1.23681044828339,-0.888516684800265,0.410130382330283,-2.54858513648417,0.235995095151219,-0.338839091261534,-0.0907490819305508,-0.0749120869830093,-0.3736554355107,-0.924537611315602,0.199703783214478,-0.300378620952762,-0.0654957078680951,-0.0749120869830093,-0.3736554355107,-0.924537611315602
131,0.342113336693879,2.9653723190499,-1.68111527359974,0.193637249076976,0.938307658260994,-1.35717804759374,0.269380672093871,0.12887087943429,-0.241189522122949,-0.542854731554303,-0.0285593163934511,-0.839340875852144,0.289225233583998,0.176813949616658,-0.213956171231935,-0.542854731554303,-0.0285593163934511,-0.839340875852144
132,-1.4649666321529,2.92240760770331,-1.94627685105822,0.91853371183032,0.682482852258489,-0.0115699393400699,0.148411509797974,-0.482704617520997,-0.184644342365381,0.518705070420293,-0.13786672855833,-0.843764075483724,0.105588022671533,-0.516907713636277,-0.163900736929961,0.518705070420293,-0.13786672855833,-0.843764075483724
133,1.95905377966833,0.442379492505268,-2.23246297458192,1.18158546656658,-1.05705231928045,1.29050973991475,0.30487262955125,-0.340277547309256,0.572833311062309,0.921217965157464,-0.123841930933312,0.368809756939605,0.278464229264222,-0.289319169358938,0.561007909971748,0.921217965157464,-0.123841930933312,0.368809756939605
134,1.49221854299458,0.48543899088233,-1.37627709687091,-0.503054134638886,0.601464633560923,-1.21355937112659,0.0547467362548912,0.0473422574147545,0.578332600802339,0.340389103283094,0.847666048950826,0.406936761453456,-0.00112138921548051,0.0341304531423611,0.566576717836999,0.340389103283094,0.847666048950826,0.406936761453456
135,1.52868705407513,0.646070618887094,-0.465828221137635,1.40495817982724,-0.678336188498406,-2.5414077036322,0.125979134492648,0.187480568494285,0.322558306528744,0.651388683174291,0.75811699531979,0.0308448511061086,0.0701468326058844,0.188562963279937,0.340322948026766,0.651388683174291,0.75811699531979,0.0308448511061086
136,0.228313291645831,0.183897581798769,-0.551462869764174,1.34721602547706,0.450831649753814,-1.45069706831418,0.0828580428826701,0.102887710090023,0.393192702717095,0.732780169136132,0.606454052198094,0.308620651112874,0.0381843021353509,0.0827884699636231,0.425352886702618,0.732780169136132,0.606454052198094,0.308620651112874
137,0.283408875057091,0.158964363825093,-1.95222987671302,-0.224406311357472,-0.152286298409983,2.12081713799682,-0.440932219610432,-0.120260552916468,0.599665386972319,-0.433922302122659,-0.091206825185116,0.896321789738609,-0.400906739423688,-0.156148956229585,0.576341934323631,-0.433922302122659,-0.091206825185116,0.896321789738609
138,-2.03744879310373,1.1175765885608,-2.13236724575053,-0.837474321839067,0.50029160067108,-1.19706596810666,-0.116938748553581,-0.0829442117775994,0.745498128780802,-0.62549076513945,-0.449502854422211,0.637737004251401,-0.0695765757170858,-0.106613258818838,0.720386362686685,-0.62549076513945,-0.449502854422211,0.637737004251401
139,-1.23775111667849,0.5516763765103,-2.02637138764893,1.04714201344273,-0.267408994441018,0.935492019270295,-0.129244390756612,0.242106048255705,0.731468259616536,-0.256651517428322,0.0419955784739315,0.965591202316166,-0.153863003439761,0.208650382223231,0.690132532698037,-0.256651517428322,0.0419955784739315,0.965591202316166
140,2.05372654071475,1.36223563856549,-1.09324504674803,1.54850160842344,-0.297226508820889,0.929457715166148,-0.13628541908569,0.380284397575604,0.352300114724464,-0.177926927693886,0.969874516253648,-0.16638939606588,-0.0986382056132699,0.346106325632185,0.323170289527726,-0.177926927693886,0.969874516253648,-0.16638939606588
141,-0.872948146644579,2.66003295856922,-1.84477427672688,-0.674800814069801,0.893952218739728,-0.0402163117718684,0.236593246148567,-0.42517220296815,-0.0885970976026128,-0.33298766278168,-0.360856309495015,-0.87114978065361,0.290334318338728,-0.431834328865841,-0.0662026063519679,-0.33298766278168,-0.360856309495015,-0.87114978065361
142,-1.38007511035825,0.229965195594481,-2.14900184756267,-0.651801809750396,1.01332138469717,1.60323181701789,-0.156147805768073,0.296073274073348,0.580017347770489,-0.431792803724498,-0.479020089893208,0.764260903180609,-0.182867317445671,0.329928662826541,0.540345186900669,-0.431792803724498,-0.479020089893208,0.764260903180609
143,0.816453745608917,2.53288112496904,-1.54061040510095,0.671844284008878,-0.0410945839469694,1.81189545557447,0.37573217569307,0.394305028366238,-0.067775687816369,0.458584728266077,0.450642818277444,-0.765911938368956,0.360796034690768,0.337746891086975,-0.0642987927274416,0.458584728266077,0.450642818277444,-0.765911938368956
144,-0.295042401458487,2.58728608227547,-2.54055374396145,1.63571221947363,-0.49365847166263,-2.63656525192767,0.618711056723368,-0.282529464779182,0.282326516907282,0.705549155664005,-0.708643604197425,0.00496298014229634,0.621761155956226,-0.229923005354725,0.307963547185624,0.705549155664005,-0.708643604197425,0.00496298014229634
145,1.08994772434672,0.853953303078088,-2.36349751971832,1.16375187827496,0.40966854377715,2.58924121781476,-0.140562780462749,-0.117177030002502,0.781639775935915,-0.262406364612071,0.287795707993923,0.921041003577666,-0.135221676995206,-0.0828619553314847,0.734438629084683,-0.262406364612071,0.287795707993923,0.921041003577666
146,-1.74959709913828,2.25004921824772,-1.61302665582957,-0.350770787183719,0.22365896918655,-2.69099930556135,-0.11324644495882,-0.552208250860305,0.0816759824878332,-0.203512215997674,-0.697494594456738,-0.687083742089236,-0.095480985797681,-0.497282952184621,0.071596298654459,-0.203512215997674,-0.697494594456738,-0.687083742089236
147,-0.529339260142365,0.317364556475586,-0.888355371213274,0.0672410521135818,-0.930914136213208,-0.529819917607455,-0.0725810141569307,0.0321761489526551,0.600341815352862,-0.0420978176562911,-0.0378055589600034,0.998397973485673,-0.0957753702388275,0.0735027852310436,0.565872539470419,-0.0420978176562911,-0.0378055589600034,0.998397973485673
148,-0.328864851113253,2.02021648845133,-2.03204910214893,-1.38140203896506,-0.0709930079412344,1.29245254173946,0.55887377452455,-0.176382532924429,0.432624083025309,0.960643824374191,-0.254226422528636,0.111948062868548,0.521345160507556,-0.161773630230855,0.475193826882339,0.960643824374191,-0.254226422528636,0.111948062868548
149,0.537137429774274,2.70208922629224,-1.94857865398156,-0.923013680258683,-0.58017223649288,1.75285198957437,0.509725409280429,0.401727664945876,0.0300193773152448,0.516893607138573,0.816594745770941,-0.256893012903362,0.5292529488396,0.356481360010356,0.061728162981791,0.516893607138573,0.816594745770941,-0.256893012903362
150,0.953832416430901,2.63965472763618,-0.836312441342893,0.531178197972241,-0.132687955365795,0.354909428371524,0.149880859503195,0.191279669019317,-0.207622830497559,0.0369305544015577,-0.0637677542944123,-0.997281207916724,0.195436444180444,0.196969734050956,-0.17120426566244,0.0369305544015577,-0.0637677542944123,-0.997281207916724
151,2.31054308038883,2.86237335309018,-1.74459102307322,-1.13616896242244,-0.182094252735422,0.307904094719597,-0.385166023065271,0.374625953098142,-0.184443906991409,-0.506393084626177,0.311223660250288,-0.804180251649591,-0.407902525549169,0.357694898823376,-0.133156570777245,-0.506393084626177,0.311223660250288,-0.804180251649591
152,-2.21599611541014,2.60631192381836,-0.391138306928786,-0.00926498865561842,-0.638405740926835,1.25246699009046,-0.0943269612439353,-0.129430884281262,-0.171877675873526,-0.0443971382435049,-0.0681683355772919,-0.996685493092183,-0.137377022802797,-0.112262081806966,-0.136017887511395,-0.0443971382435049,-0.0681683355772919,-0.996685493092183
153,0.941142166123832,1.45907167534709,-2.14806949789975,0.970719289006599,0.853145207236407,-2.02050794676821,0.0836752474801586,0.317865773663657,0.630236943894662,-0.0506685991849413,0.986270521608921,0.157172361634936,0.0394191166424733,0.279590694141866,0.633463888405851,-0.0506685991849413,0.986270521608921,0.157172361634936
154,2.07190843027553,0.15773717671192,-1.49703858459026,-1.61197316247844,-0.583003946796316,1.16987471335861,0.019671375856552,-0.254496963815501,0.604190724964935,-0.55086511638476,-0.139323374529601,0.822883114944091,0.0449230887574706,-0.296078983110848,0.571521371330513,-0.55086511638476,-0.139323374529601,0.822883114944091
155,0.914980154614016,0.906231491102689,-1.76945785693411,-1.34135176928354,-1.00664782187191,1.46545141479557,-0.121035713046516,0.100967834378291,0.6843987040251,-0.558007347295624,0.624214003650746,0.546794914031218,-0.119482908282403,0.0425439880570218,0.68866988400179,-0.558007347295624,0.624214003650746,0.546794914031218
156,0.780542682351918,0.807396672298832,-0.608441294835151,0.00918396611549555,-0.144870748452561,1.18145781400856,0.189056272339492,0.188865351704581,0.347988548191577,0.711075552999262,0.702333718795703,0.0331497416187906,0.194426459374401,0.132826405737422,0.364261151735569,0.711075552999262,0.702333718795703,0.0331497416187906
157,0.260426007087958,0.877640709156368,-2.37961566039606,0.293824008031739,0.382635586983518,0.49745180834373,-0.122720574340763,-0.00992074521904677,0.788205505745972,0.300895007274363,0.192094029337731,0.934110313876341,-0.154298454971426,-0.0559522290893117,0.770374635111673,0.300895007274363,0.192094029337731,0.934110313876341
158,0.158818517096099,1.49261386499916,-1.77616308430754,-0.227580277246223,0.581715569921664,2.80600703953438,0.416398640807956,0.0441097814497976,0.481550653000216,0.980069093645412,0.0314224302632952,-0.19615606683814,0.375038286482411,0.0181358222386,0.449167408367221,0.980069093645412,0.0314224302632952,-0.19615606683814
159,-1.10732783308695,2.3953813457545,-2.23541294200698,-1.53161599696949,-0.101133510346523,0.355946370534947,0.316307989229335,-0.589685576378959,0.283665301453814,0.533953445599332,-0.842746598878333,-0.0683512107544799,0.3348254634438,-0.538105221035833,0.304415484378153,0.533953445599332,-0.842746598878333,-0.0683512107544799
160,-1.2681879152875,0.5660986123314,-0.918635293766579,-0.48121708397236,0.0229971861262033,1.10048199789944,0.0494171702180894,-0.160894699145291,0.503172931838445,0.262007669268907,-0.874959382154783,0.407183080227549,0.00948053882027879,-0.123272988322472,0.523756234473338,0.262007669268907,-0.874959382154783,0.407183080227549
161,0.449058489779714,1.58726899395747,-0.677596087664165,0.610724567312899,-0.396391965518958,1.8772715709601,0.36458056399623,0.13003122005137,0.14983029805405,0.870377476225939,0.173647810694548,-0.460748832575359,0.326115557823583,0.0876743625398237,0.137167757950076,0.870377476225939,0.173647810694548,-0.460748832575359
162,0.757855529544631,1.81605479138714,-2.51584092694118,1.11112642180581,-0.847660689230823,1.92405636623335,0.306760039556464,0.114481885763512,0.719505315391043,0.630032518653485,-0.328849023611021,0.703503621248125,0.320565014780625,0.14626481649626,0.672247850656912,0.630032518653485,-0.328849023611021,0.703503621248125
163,-0.76578042907971,1.37058508891039,-0.635411033463056,-1.18196707388886,0.237391647804896,2.43391410346279,0.203608643861718,-0.252692094390624,0.146158764616299,0.369008575284707,-0.656707111739775,-0.657699354383714,0.162149511713273,-0.262891412148123,0.186297452671333,0.369008575284707,-0.656707111739775,-0.657699354383714
164,0.642977583671853,0.291999878079984,-0.867054450441429,-0.800955619313948,0.419219702303493,-0.773307933289702,0.106816559372684,0.0115062701313609,0.467486365104144,0.891132416724305,0.302423852297884,0.338264437126351,0.0584188154948259,0.0441430284501004,0.462338511767324,0.891132416724305,0.302423852297884,0.338264437126351
165,0.197375232934207,0.784773058829957,-0.36426060627804,-0.417010648554243,-0.924918971790832,-2.65118399645101,0.201273814600404,0.104572014191529,0.376104821310056,0.728528948722181,0.475538545502071,0.493060506039094,0.194273440108153,0.101959501343166,0.317982798516752,0.728528948722181,0.475538545502071,0.493060506039094
166,0.598007351444911,2.80495249557935,-1.78557105663294,0.808488183276673,-0.463513223472859,-2.1231509438193,0.525390347745279,0.284350929345531,-0.100066025847666,0.827620716561579,0.172524180308476,-0.534115490064636,0.48641117468155,0.324228638999765,-0.0820551308115919,0.827620716561579,0.172524180308476,-0.534115490064636
167,0.54595977732844,1.74214370468459,-1.88284729007678,-1.14806064907844,0.511695462132495,-2.60162396269605,0.46031379085401,0.180545853287274,0.474613495882795,0.996552928004751,0.0829485391908304,0.00134221133411562,0.42753839388696,0.15301232946221,0.434592521139207,0.996552928004751,0.0829485391908304,0.00134221133411562
168,1.42136495627918,1.30553413036923,-0.547463237546774,1.55328661668595,-0.170227210389549,-2.52132980560938,0.0784404996630027,0.303853737070256,0.150080668711372,0.282709634411258,0.739992791567198,-0.610316254936438,0.0340286015008252,0.305039213426049,0.188292943538216,0.282709634411258,0.739992791567198,-0.610316254936438
169,1.35263209562356,1.93759766324196,-1.32709270741366,0.223201871698803,-0.419016855683229,1.39681251874709,0.133593355365497,0.529496886083078,0.249887607695632,0.302100523614805,0.946579603688891,-0.112793295509271,0.16775312369678,0.481977596553568,0.252892162598384,0.302100523614805,0.946579603688891,-0.112793295509271
170,-0.769719409433102,2.65335946829454,-1.75226698646646,0.976137642298142,0.669305288001265,-2.54205100149593,0.433343060756345,-0.282169431548824,-0.0902043220086703,0.562962179498413,0.170097864306354,-0.808789404612112,0.432218192823298,-0.250335371427741,-0.041017664383452,0.562962179498413,0.170097864306354,-0.808789404612112
171,-0.459434821421847,2.88463158281852,-1.55633527232505,-0.558865473496297,0.299473690131698,2.02355939242383,0.342889881255623,-0.201641788539575,-0.251214556658833,-0.00417845869697398,-0.172455957674584,-0.985008367043377,0.325644896079055,-0.238603020952878,-0.209137510841074,-0.00417845869697398,-0.172455957674584,-0.985008367043377
172,1.35850944632845,1.67854593423009,-0.761893325620673,0.79050267401617,-0.121231043415111,1.98051651883869,0.0962736348029635,0.373475172305894,0.103578946034649,0.238487913101127,0.698539530230564,-0.674659943979138,0.0981902594154447,0.315398356854438,0.0960020035700219,0.238487913101127,0.698539530230564,-0.674659943979138
173,-0.0257539267897062,2.83649319338107,-0.625678727640981,-1.21007218158355,-0.575857619370014,-2.1041069639847,0.11465652491497,0.0948925022217824,-0.199086643050396,-0.263584360838174,0.516465493976061,-0.814731046575246,0.078701629302407,0.0735130609182287,-0.158048063993153,-0.263584360838174,0.516465493976061,-0.814731046575246
174,0.16078896799951,0.317224845821807,-1.42477790642288,1.59171129908739,0.400157670866031,2.0963308585024,-0.137285459269147,0.0530688318152758,0.644773185378252,0.26399041471201,0.437381812352739,0.859654704612971,-0.116561727094589,0.0654763284177333,0.591382353273693,0.26399041471201,0.437381812352739,0.859654704612971
175,-0.0178573313740062,0.969933407236787,-2.11790721090613,1.52091581532646,0.562750200658845,2.54539792838504,-0.0163339195991478,0.102155361048477,0.768485222964172,0.313110838120153,0.527342247988763,0.789855528902504,-0.00712935704044404,0.114880500370614,0.712028630281518,0.313110838120153,0.527342247988763,0.789855528902504
176,0.807076956898301,0.682790328213847,-1.85861661499926,-1.4568538779387,-1.00123057558741,-1.24593348535106,-0.206677870989609,0.0154594969038555,0.673120854396489,-0.554437576713404,0.630731969607014,0.542932920390564,-0.17081957349115,0.0295088329711138,0.628953007985539,-0.554437576713404,0.630731969607014,0.542932920390564
177,-1.55287895884403,2.07048618190911,-0.37171096257374,-0.488086608104381,-0.87805189868361,1.65604863637122,0.0754784333352539,-0.295621235497864,-0.0204368447317062,0.372483506603209,-0.646503188738502,-0.665800018218329,0.0202390004096554,-0.293313541594522,-0.00101315818906497,0.372483506603209,-0.646503188738502,-0.665800018218329
178,-0.148759021415611,2.09942625068119,-0.904113487171397,-0.259073022756228,0.349916187361636,0.754130134290994,0.316725313094345,-0.0630465222698001,-0.0501550804709417,0.108436427278912,-0.105056380531807,-0.98853664481826,0.349549606912971,-0.0879738831305396,-0.00849943960650497,0.108436427278912,-0.105056380531807,-0.98853664481826
179,0.118498051710547,0.697561377197405,-1.31960054255609,0.818893874620746,-0.176060091001392,1.34223367888843,0.10625080869878,-0.010981458111103,0.647771338916422,0.679606266816951,-0.0479216911227615,0.732010132186066,0.102653097128434,-0.0461010703370212,0.600998811632152,0.679606266816951,-0.0479216911227615,0.732010132186066
180,0.878710549251422,2.85788171144558,-1.81476864641329,-0.52002867565677,-0.248074275875551,-2.67805378291412,0.352763041482506,0.46404174876293,-0.145492569528129,0.374008031793839,0.642423985419135,-0.66888669826204,0.321146123497286,0.416048701519033,-0.156939748803434,0.374008031793839,0.642423985419135,-0.66888669826204
181,0.629324079473975,1.75439949286176,-1.67494414763475,-0.258997794641973,-0.083008202623637,-1.04879203772456,0.41784436651859,0.310931845956476,0.436939337775401,0.792615685435693,0.603351249800694,0.0879070222749455,0.361755003979457,0.325288075738373,0.445988209329529,0.792615685435693,0.603351249800694,0.0879070222749455
182,-1.29279184568976,0.484637634383941,-2.23697407168734,1.47245570781509,-0.0166171950946099,1.40290341950118,-0.106555548943163,0.362377761122479,0.700101857261841,-0.0892014776611446,0.252313544465886,0.963525283353857,-0.10331684251954,0.308082637209076,0.678294741452323,-0.0892014776611446,0.252313544465886,0.963525283353857
183,-0.890949154142382,0.178775134751976,-1.06785151776207,-0.469666156389423,0.326828640040955,1.95546329608661,-0.0234831306309194,-0.0130826861301441,0.540617925369411,0.369571453643436,-0.68827853297031,0.624251232841486,-0.0770135251059031,-0.0125949785607291,0.516779741531723,0.369571453643436,-0.68827853297031,0.624251232841486
184,-1.87858312367814,1.81954098379335,-1.14853371359523,0.0719000814561652,-0.0996987735911556,2.63779973262168,-0.147824172210877,-0.465163450325296,0.182079315893855,-0.274919893656766,-0.841215036642606,-0.465592433570533,-0.150907538854912,-0.410700606906275,0.160671571107128,-0.274919893656766,-0.841215036642606,-0.465592433570533
185,-1.49709669273993,1.7378421559993,-1.04150847190111,-1.54944332098847,0.312431633769113,1.91128671651975,-0.0260183986349776,-0.444379007021653,0.166257122723568,-0.249289633702868,-0.797222401529613,-0.549810077233627,-0.0315674422460893,-0.438788798475556,0.224325682921089,-0.249289633702868,-0.797222401529613,-0.549810077233627
186,-0.4941610353437,1.39292906584259,-2.35611403278757,0.268350358325456,0.816213620265145,-1.65656120028161,0.251295419123909,-0.0919226197858183,0.682674012377182,0.928031028567474,-0.280553243526211,0.245047521029942,0.231839707615215,-0.0370031149898323,0.676403184468992,0.928031028567474,-0.280553243526211,0.245047521029942
187,-1.91035968408955,0.688152915598562,-0.941110277274,0.766431177985076,0.287698945766283,-0.179698812045276,-0.0347395814542289,-0.214259724260184,0.454929251498414,-0.138242306536157,-0.982186176727112,0.127276780795795,-0.0531154418449357,-0.171434476072353,0.490458477109901,-0.138242306536157,-0.982186176727112,0.127276780795795
188,-0.874798951307143,1.96978478769479,-1.19794211683368,0.539905064519513,-0.823770010465372,0.98360159427087,0.280199050729123,-0.445848763182783,0.243235196231343,0.303189595006439,-0.951170796445416,0.0578807867018389,0.225360672203404,-0.42615281283776,0.249465908925442,0.303189595006439,-0.951170796445416,0.0578807867018389
189,-1.33040164940568,0.181082994694457,-1.83243910614017,-0.743705014965097,0.189840797815446,-0.584683306025218,-0.104002524735415,0.326177463563294,0.635408751951708,-0.130523269249522,-0.00410721422025172,0.991436738766405,-0.058403947813771,0.348577340192367,0.606202326122393,-0.130523269249522,-0.00410721422025172,0.991436738766405
190,-1.47779556851521,1.26709914263665,-2.18690437261034,1.09580716873001,-0.769144445053513,1.01479371902145,-0.109651489790444,-0.0894925622134974,0.775030387827908,-0.605163380502523,-0.172007301954557,0.777297093120174,-0.121140189126602,-0.100477967828477,0.718627102010167,-0.605163380502523,-0.172007301954557,0.777297093120174
191,1.17852403819141,0.199079163210368,-2.21687507513014,-1.54771007944179,0.677895345972482,-2.5595310605882,-0.0771025123616889,-0.499524412068755,0.542022396941926,0.432506160665994,-0.594655037187836,0.677734319429889,-0.0510175735899331,-0.457481202603745,0.510622643644248,0.432506160665994,-0.594655037187836,0.677734319429889
192,0.783113597409246,1.44574766295793,-0.61303688855883,-0.466811864164867,-1.04236643695068,-1.59053974063131,0.203673823565998,0.309270059536561,0.29646032992888,0.359103942674168,0.905853690156361,0.224662970660433,0.151699201884959,0.29725153681113,0.272207622603488,0.359103942674168,0.905853690156361,0.224662970660433
193,0.993915374923956,1.70825014203929,-0.451144101741875,0.787584458546469,-0.871306629184371,2.6645405271374,0.265562916979089,0.220045446296356,0.105103517912475,0.862641018486861,0.33148088861486,-0.382061374267348,0.221762998975931,0.194541744006659,0.0756904535968483,0.862641018486861,0.33148088861486,-0.382061374267348
194,1.12490929181423,0.196161512107498,-0.913717979955718,-0.0478061941076413,-1.02175850237604,-2.17918726481645,-0.078467479542938,-0.142817136963135,0.587016841708233,-0.145587031724321,-0.210032198568997,0.966794131011341,-0.0957476895500503,-0.0945055912952997,0.558708028640661,-0.145587031724321,-0.210032198568997,0.966794131011341
195,-1.99511182857728,1.87471254095164,-1.9954583374521,-1.18050306375274,0.0662603433864553,2.43206316366993,-0.232822897941371,-0.488263703483065,0.491646058508373,-0.459891045119276,-0.86925193731141,0.181387144250802,-0.255121015404444,-0.434610743818592,0.499271927432337,-0.459891045119276,-0.86925193731141,0.181387144250802
196,0.550892614758903,2.1066345591764,-1.99312809382758,-0.966711687516277,-1.01594368004646,0.923338787709738,0.375868844761673,0.388663547091772,0.455938991284116,0.0933544499560708,0.878363501389105,0.468788338273119,0.357669747084718,0.338183116793172,0.479487218406618,0.0933544499560708,0.878363501389105,0.468788338273119
197,0.0341864386191757,1.52987206979862,-0.470557705337013,1.53508194890207,0.570274705969596,-1.43176775938494,0.261648834122508,0.112104498655726,0.0786913794122585,0.439785785962044,0.554866122791113,-0.70619547452848,0.286931706029527,0.0902555733830196,0.126830769235572,0.439785785962044,0.554866122791113,-0.70619547452848
198,0.830642783230576,2.30279718683665,-1.13929146436042,1.06327572704483,0.93732997931311,0.7775279941313,0.128216829479633,0.340886343147315,-0.0299714202541695,-0.563136639993291,0.427916532491417,-0.706940284548553,0.169808763126187,0.300412264294973,-0.0380929962462477,-0.563136639993291,0.427916532491417,-0.706940284548553
199,-2.26695719329556,0.677946623637026,-2.49724227655269,1.43445161757862,-0.0341096810783952,1.66612797967009,0.233296888371533,0.28890280053187,0.732215375278787,0.188051237708559,0.277689116533701,0.942085710832625,0.19683358545282,0.246438924356652,0.714858913645323,0.188051237708559,0.277689116533701,0.942085710832625
200,-0.203409143354191,1.55363537135229,-1.52881452310015,1.29190785876214,0.821930123394188,0.752565888542674,0.423748019128272,0.050318636867204,0.415655423781646,0.820047013800015,0.54983248844175,-0.158767533871478,0.414780475081766,-0.00495271221710796,0.398373608941355,0.820047013800015,0.54983248844175,-0.158767533871478
201,-0.978862966384414,0.981282989934486,-1.96624774399512,0.673857701711371,0.603047672950887,1.82363792766844,0.121517737927188,-0.0575985752003437,0.703529616991931,0.730620943155318,-0.452372113404659,0.511422045317403,0.0872950947639254,-0.0817996116646783,0.662576954942047,0.730620943155318,-0.452372113404659,0.511422045317403
202,1.44288808655561,0.874156714543988,-0.619096687956062,0.427727483192737,-0.589622558489413,-0.672154143694142,0.0760587122905666,0.25612615878401,0.408081082846689,0.344079904943606,0.867173996832024,0.360025385538815,0.0484591113540629,0.214175537210748,0.438287164647591,0.344079904943606,0.867173996832024,0.360025385538815
203,-0.220532589768743,1.57158131121806,-1.25002068839855,-0.510649324882508,-0.458019658432402,1.15034359224691,0.459653588455401,-0.0594790561117838,0.40094619860414,0.985961564715767,0.000438090911209151,0.166971856848964,0.418896961102758,-0.0878369795821894,0.432070554071916,0.985961564715767,0.000438090911209151,0.166971856848964
204,2.04555112063438,1.83613786411446,-1.12254076731638,0.787239457257311,-0.279675568970142,-0.264115837072295,-0.191317700907195,0.451769403089537,0.183299906962972,-0.234234405344679,0.883546198040819,-0.405561782322297,-0.169284411006696,0.442561250897511,0.236813868406403,-0.234234405344679,0.883546198040819,-0.405561782322297
205,0.0441814102504794,2.78153682057124,-1.4679527569232,0.453205220893996,-0.0892369682181529,0.303933244612205,0.45994492403109,0.0141441902268944,-0.20625513991572,0.41308379515373,-0.0207986753953458,-0.910455486711564,0.477531744775387,-0.0159463901114851,-0.159146109878927,0.41308379515373,-0.0207986753953458,-0.910455486711564
206,-2.16189521808409,2.42402335758949,-0.932189808566199,-0.988199723418613,-1.0659683238125,1.48741437390488,-0.106655734476288,-0.410806112610612,-0.031915420797172,0.297604038933716,-0.868080748062782,-0.397325623202304,-0.158907691544072,-0.399352868194847,-0.0079872747148029,0.297604038933716,-0.868080748062782,-0.397325623202304
207,0.31814241717534,2.00580820108015,-1.02144465497902,0.772727269968708,0.850569168476209,0.937717727197091,0.270572262939058,0.195689669050207,0.023844563806182,-0.172808112483487,0.495536071873995,-0.851223447592691,0.291608920309499,0.141238243601709,0.0289925064345915,-0.172808112483487,0.495536071873995,-0.851223447592691
208,-1.78753300820846,2.17401678253512,-1.47659546627746,0.46490340650238,0.326975898440858,1.00817772969813,-0.0836909088894953,-0.513841964087103,0.0665087411755481,0.00909887538875966,-0.628278977989809,-0.777934917768023,-0.13094701773128,-0.490267291690605,0.0919074615868437,0.00909887538875966,-0.628278977989809,-0.777934917768023
209,-2.0789806336557,0.789891922923942,-2.15440831937396,1.41311857157874,0.0334472557045611,0.979850597863755,0.0782088658717698,0.126988695525281,0.7858192863979,-0.0314311777032957,-0.12430660477965,0.991745909533455,0.0346861786675778,0.116936561735892,0.747888687868398,-0.0314311777032957,-0.12430660477965,0.991745909533455
210,0.790741780909123,0.387209987609119,-2.01582916647147,-0.711657662825198,0.908625140573651,-1.53111795459737,-0.0805911324387447,-0.2198021072956,0.634443039482326,0.719269577563575,-0.0053349424899263,0.694710596709267,-0.110987901232219,-0.173263295313208,0.615891073921136,0.719269577563575,-0.0053349424899263,0.694710596709267
211,-1.1846011830154,2.06819767117106,-0.988068617126316,0.671644789112305,0.740278800753725,1.28467531348482,0.191772417178467,-0.255864081054788,-0.0122278703070093,0.374142393170078,0.194162066150222,-0.90681782167161,0.135743374096305,-0.266955023803377,0.000876988343302666,0.374142393170078,0.194162066150222,-0.90681782167161
212,-1.41629794959006,1.64155314628472,-2.25451616353439,0.820203078937985,-0.406987551396071,-1.76809180977678,-0.00343105023913326,-0.330984809697169,0.735485067464592,-0.204734955766369,-0.566511846539373,0.798215463153836,0.038568546184852,-0.29033799342949,0.7312577482758,-0.204734955766369,-0.566511846539373,0.798215463153836
213,-1.4662458153419,1.55026238730997,-1.20397888202214,1.08253702125812,-0.652500539301692,0.156821633409887,-0.0561319030470392,-0.440130372653658,0.37905838773378,-0.445536818971858,-0.892380026534673,0.0717971530244323,-0.0789150101033972,-0.388314299267641,0.394224948705648,-0.445536818971858,-0.892380026534673,0.0717971530244323
214,1.45052953505094,1.16052520119162,-1.23258420434007,0.717023024941407,-0.653282846765467,0.812513991827422,0.109835082113634,0.281902256375345,0.567368721198043,0.481871722009749,0.658298799428949,0.578309894604756,0.132980053143187,0.234981273683878,0.540973045428929,0.481871722009749,0.658298799428949,0.578309894604756
215,-2.35578052107966,1.60723814603264,-1.17900403651916,-1.62559577834071,0.861869506896244,1.88321026031358,-0.386653246186484,-0.182048846134587,0.306780377188558,-0.979635128870976,0.0918721179395086,-0.178534389480724,-0.360649454866724,-0.183735008319046,0.359268087122276,-0.979635128870976,0.0918721179395086,-0.178534389480724
216,1.2966897118844,2.38427130838182,-1.65523891956173,-1.1465360221504,-0.324436374688191,0.820093462618197,0.108188674998535,0.591885103961424,0.0751148247962614,-0.05288041317272,0.885149777608696,-0.462291610460279,0.101883990774594,0.581949203621071,0.132521521629148,-0.05288041317272,0.885149777608696,-0.462291610460279
217,2.03545872644741,0.420725245536419,-0.768914715034768,-1.46655035848206,0.564719999014271,-0.2063581649021,0.0359350078162009,0.154851233229696,0.447881589787816,0.122097886794852,0.944228891231817,0.305816786660518,-0.0148349582241157,0.126077473538882,0.442544802222212,0.122097886794852,0.944228891231817,0.305816786660518
218,-2.14412103807098,2.53657537953228,-2.16234562525216,-1.2693321906443,-0.50165232606023,-1.04908870371808,-0.28628148055293,-0.6058423532829,0.188233255447977,-0.0923098177570085,-0.989495768256101,-0.11125206581874,-0.245513625354905,-0.571531992232075,0.163845120892116,-0.0923098177570085,-0.989495768256101,-0.11125206581874
219,2.13949437049027,1.3187187889588,-2.03634030230918,0.425819347636701,-1.06534759544503,-2.58126960857214,0.0198865484682514,0.094667149027293,0.773315340080584,0.43304773335086,-0.00646276196771317,0.901347820404216,-0.0369610098043045,0.103097157966213,0.76185715227718,0.43304773335086,-0.00646276196771317,0.901347820404216
220,-1.50673271988591,0.723514354876639,-0.816053387529028,-0.188399930778745,0.758701814345796,-0.622906344276036,-0.00980651889733642,-0.209823716545764,0.296267599052943,-0.0751404934198821,-0.841414477079793,-0.535140714213707,0.0262818838465514,-0.200163878229604,0.34141529789907,-0.0751404934198821,-0.841414477079793,-0.535140714213707
221,1.59068098023056,2.2720311133101,-1.14494408672365,-1.11929250479668,0.0633330481406877,-0.210984048885696,0.00147885351907198,0.441823911771244,-0.051649127320406,0.0473697698784455,0.482559603896538,-0.874581233270461,-0.0459547233698404,0.435119126067612,-0.0178985475892073,0.0473697698784455,0.482559603896538,-0.874581233270461
222,-0.567637573606423,0.420467942753428,-1.93312625496821,-0.541345086735988,-0.274253579961865,-1.99934042942632,-0.259353846327574,0.198433431425901,0.697497991727066,-0.14420382414459,0.257473646694811,0.955464587705767,-0.207801304641226,0.191729757343107,0.670453654067048,-0.14420382414459,0.257473646694811,0.955464587705767
223,1.2979446589716,1.87862461844144,-2.51853423556352,0.664504148533075,-1.06340793397063,1.03936393127922,0.170120871607693,0.230066872243382,0.728183632159644,0.493597780256212,-0.23613679669804,0.837018903353639,0.189087323018157,0.222998785521988,0.673189851865929,0.493597780256212,-0.23613679669804,0.837018903353639
224,1.78082366864158,1.37728394668698,-1.02969134188908,0.283727953071904,-0.598604914956903,1.60886825261183,-0.0554208328459502,0.397979245329222,0.423120590575319,-0.0411860200751688,0.949818662026729,0.310077766078323,-0.00970784125358185,0.371334999072531,0.397933162340406,-0.0411860200751688,0.949818662026729,0.310077766078323
225,-1.00074271847825,2.76928545333244,-1.83766129740024,0.119713387203709,-0.36531012699914,-1.4848145259236,0.332614828897526,-0.531367584003567,-0.0617007671248851,0.441970420065322,-0.768516626466451,-0.462649265245184,0.359155946108417,-0.484691238325098,-0.0382297669054274,0.441970420065322,-0.768516626466451,-0.462649265245184
226,0.2131853307373,0.461319571099667,-2.22923290260689,-1.33741594653849,-0.415299576419698,1.76702085240586,-0.404350757356626,-0.0104821872691312,0.672598068474186,-0.421460616815164,0.310387869414168,0.852074127640498,-0.426885906725774,-0.0486710408253757,0.634286470922401,-0.421460616815164,0.310387869414168,0.852074127640498
227,-0.692695227587922,2.58588241009261,-1.93100186507821,1.13345447183846,0.181832213298777,1.24008007575402,0.50557109869791,-0.378130906258701,0.0196781694068224,0.711075023197922,-0.377242241298549,-0.593346949738619,0.44773696487991,-0.379721824997877,0.0103678556050762,0.711075023197922,-0.377242241298549,-0.593346949738619
228,-0.737378554011759,0.18320809253905,-2.09502466457162,0.0243619530569703,-1.04476492248463,0.282834213316997,-0.436869232409054,0.393291867543104,0.440531701858383,-0.750681599170623,0.653397883795608,0.0977156185983429,-0.422824472994377,0.363070143518129,0.392330123772784,-0.750681599170623,0.653397883795608,0.0977156185983429
229,-1.97915541589355,0.381253864723798,-2.38647113032009,1.320164501653,1.03060102431064,-0.614333068797058,0.309360622702438,0.314480244619628,0.566346493500935,0.791045743635714,-0.26394874644298,0.551885577567488,0.287519268471045,0.368494352497637,0.560067051210279,0.791045743635714,-0.26394874644298,0.551885577567488
230,-0.878461551823546,1.72066417690322,-0.639611737900084,0.9837205203653,0.797715755069543,1.68408237953619,0.239019421499659,-0.108695182106089,0.0484941828555856,0.489776833402976,0.342934284596524,-0.801570165306834,0.181119166605021,-0.107232349205979,0.0574060066331432,0.489776833402976,0.342934284596524,-0.801570165306834
231,-2.32615180442845,2.75664125221914,-2.51855025167893,-1.55179621595739,0.464348408344786,0.217116982324875,-0.537469148061244,-0.446054147875476,0.158252760100502,-0.931105013897202,-0.335644881293022,-0.142779433943702,-0.490204667310181,-0.478289436858295,0.170939564407598,-0.931105013897202,-0.335644881293022,-0.142779433943702
232,0.115871226837622,1.57633004335611,-2.40274314505779,-0.890218039095292,-0.840979457691653,2.76818603914696,0.159740508040501,0.130875138183034,0.773249053215589,-0.0312310459081514,0.579531552652289,0.814351153527709,0.188450816709207,0.0801148777820173,0.767494564518184,-0.0312310459081514,0.579531552652289,0.814351153527709
233,-2.02389808742097,0.326626851616455,-0.956303901458343,-0.514235099370107,-0.815784687278503,0.775090772068244,0.0911860972536273,0.0281676370107713,0.599306011070202,0.278307020604461,-0.246696036250443,0.928270579077344,0.0843587572807264,0.0823474180554689,0.578047159858459,0.278307020604461,-0.246696036250443,0.928270579077344
234,1.16155085209495,2.43268538311773,-1.90914044350114,-0.217708280824475,-0.215632953967958,0.611220502486349,0.251808196977224,0.606205601498395,0.1568143258979,0.34502405854914,0.911605564435891,-0.22345848364249,0.260624933543948,0.576695346920756,0.206668212718045,0.34502405854914,0.911605564435891,-0.22345848364249
235,1.2727601090199,2.81661633195297,-2.24304552061103,-0.805528737004881,-0.267229466254111,2.79059415130971,0.166493751062062,0.669189762619059,0.032447159438947,0.093450100528606,0.952731937657612,-0.289082918344141,0.203848481951885,0.625422938970412,0.0213526009593505,0.093450100528606,0.952731937657612,-0.289082918344141
236,-0.74950135753388,2.69913423884653,-1.98571088294462,-0.923324429247732,1.07840377415009,2.54964575436263,0.273405642367197,-0.436677132691496,-0.0467671454071245,-0.426471780297923,-0.563249986975591,-0.707722595924078,0.251352781208132,-0.424246395802017,0.00608309674069861,-0.426471780297923,-0.563249986975591,-0.707722595924078
237,0.651332704046094,1.58167375708475,-1.69288933824873,0.885247690988898,0.62446090165669,-2.66255494095243,0.296131076819131,0.335561074941476,0.439563751415034,0.416202489842316,0.886339372830085,-0.202923639875272,0.239086697804972,0.322340107585637,0.437295526323733,0.416202489842316,0.886339372830085,-0.202923639875272
238,0.549825075204903,1.02943485709842,-2.35563894138738,1.24263314796722,0.199180358952626,-1.11274802732385,-0.0734121008257807,-0.00249269572684621,0.815145001365612,0.0867821243482391,0.272872895425699,0.958127990320501,-0.112055698065131,-0.0405481519304229,0.792953682217339,0.0867821243482391,0.272872895425699,0.958127990320501
239,-1.56418644986957,1.11749170422869,-2.3984380479932,0.506148145289885,-0.56154887909338,1.45775385431078,-0.0488890812127756,0.124407212096488,0.816966890337696,-0.260035428115328,0.284180400103811,0.922834262650513,-0.082689993103508,0.0964123113074289,0.778136697379566,-0.260035428115328,0.284180400103811,0.922834262650513
240,-0.947125465467814,1.34057145740893,-2.42662851609849,-1.54704819956815,-0.68826947663454,-1.29484127060663,0.154436046388277,-0.0069134526528292,0.781950209288442,0.681967674812594,0.139448022624122,0.717965416644094,0.161843686922648,-0.036497517646274,0.731911124962515,0.681967674812594,0.139448022624122,0.717965416644094
241,-2.04403511171861,1.09945317489958,-2.44101420337186,-1.31472508764126,-0.940173972788886,2.28630757139708,0.183672852201688,0.0304790519500422,0.756866371022914,0.749718211799128,-0.250139171321709,0.61266058945162,0.145580936107525,0.0743886402904452,0.764279466196426,0.749718211799128,-0.250139171321709,0.61266058945162
242,-0.886883990909603,1.82933897554847,-1.64554051188825,1.48907690680837,0.532299811543283,2.18785168736642,0.400465048695271,-0.338190621928671,0.36518965610821,0.931415939107987,-0.342075451683683,-0.124292935161221,0.372419487731738,-0.299792836502845,0.330939742464042,0.931415939107987,-0.342075451683683,-0.124292935161221
243,0.466038243493232,2.10589399406203,-1.61279290875974,-0.91253270020604,-0.809752976538113,-1.85115251274428,0.452844549726622,0.351211445922333,0.298195829634512,0.464923561750723,0.875044901388854,0.134694106338737,0.420537930141628,0.335505175521432,0.251896851232345,0.464923561750723,0.875044901388854,0.134694106338737
244,-0.723169830353329,2.29670805950013,-1.68780516936634,0.186666183356065,0.853631875706358,1.92260612499627,0.375887681544836,-0.294307473175656,0.0251651369085951,0.243096237048858,-0.0280147695947354,-0.969597541363033,0.325094812129855,-0.31119618625024,0.0490158347448653,0.243096237048858,-0.0280147695947354,-0.969597541363033
245,-1.20624619008365,1.38805706928941,-0.551003653744216,-1.14524564881914,0.566466840824133,2.12802597104957,0.0072414990663006,-0.279197798058098,0.110539011381115,-0.290346968721233,-0.610133119324976,-0.737181262958552,-0.0125850601415477,-0.279025140410538,0.165683165552835,-0.290346968721233,-0.610133119324976,-0.737181262958552
246,0.0100072233378641,1.76857379105514,-0.49534785116197,1.59815788501586,0.637308959830204,-0.843940013300936,0.25906958676106,0.116165676357094,0.0306669127223484,0.310833881386945,0.597944294629258,-0.738813182544983,0.287329625214328,0.0695743828103884,0.0522219954701506,0.310833881386945,0.597944294629258,-0.738813182544983
247,0.00897637399513318,0.878229904123266,-1.32453855108768,-1.38954317490025,-0.975245198964694,0.762951422178039,0.1228148089779,0.156891856715465,0.583886334386228,0.399782633053251,0.817897426016916,0.413784541547787,0.0664989753924476,0.14077643146683,0.585565607035728,0.399782633053251,0.817897426016916,0.413784541547787
248,0.550895477230535,0.38724401559394,-1.08266041691969,0.147305903009809,0.781603914737263,0.806481331096995,0.0744567403844266,0.0705637150362932,0.450486383798818,0.793353936507322,0.60872628355646,0.00646862704736114,0.069142656249856,0.0196886329963428,0.479078105279677,0.793353936507322,0.60872628355646,0.00646862704736114
249,-1.07615747045319,0.458677369861692,-2.41526576334707,0.401921401640636,0.437157829178783,-1.27203894990314,-0.155407534317671,0.357526145244951,0.675201595884691,0.114485942999825,0.136632346103551,0.983984029775728,-0.140911668460602,0.395192670161147,0.63271509480739,0.114485942999825,0.136632346103551,0.983984029775728
250,-0.367711904538644,1.19081495255502,-2.3627261354969,-1.41872714632909,-0.832526396009327,1.00522513844053,0.0482514531385771,0.131287501234201,0.770908127735368,0.355874621148045,0.646377870359024,0.674943629300157,-0.00279082639305924,0.135043907081874,0.742367365388824,0.355874621148045,0.646377870359024,0.674943629300157
251,-1.3244848708055,0.827553097856417,-2.54119118355934,0.748922024597578,0.134031073478427,0.293749182342429,-0.0492489210841509,0.271431761187514,0.778701915325078,0.0563687195732171,0.148968851358468,0.987233938222656,-0.0962132291702673,0.279801077627783,0.74466798654342,0.0563687195732171,0.148968851358468,0.987233938222656
252,1.141595750481,2.48741352504422,-1.60726302441337,-1.20051221913129,-0.668147911597583,1.24513102169536,0.135991850419105,0.563448146280692,0.0318778038752396,-0.229444033071157,0.886480642889201,-0.40187996400765,0.159521726699501,0.554007325640823,0.0847097622704676,-0.229444033071157,0.886480642889201,-0.40187996400765
253,0.799387627231575,0.326135015709547,-1.62939502066121,-0.0289003590098438,0.602059150878342,-1.99057134988414,-0.0695074502467387,-0.0739274713907965,0.627165977930151,0.503019852164794,0.493823672922116,0.709301916245699,-0.107225781276893,-0.0510104350078758,0.588615531139957,0.503019852164794,0.493823672922116,0.709301916245699
254,-0.0681700194761619,0.36000545088274,-0.650788135606057,-0.350428978919768,-0.579389564099295,-2.37063160329571,0.0844662250337762,0.0315521323092221,0.512593947831184,0.599355164961018,0.147480510026919,0.786780074351626,0.0959345425671507,0.0453000548644458,0.456795450374986,0.599355164961018,0.147480510026919,0.786780074351626
255,-1.98389796555849,2.77791335853812,-2.0652444482725,1.50562013169561,-0.351926531948514,2.59973055982528,-0.317066006304325,-0.559920234779189,-0.0322878433674197,-0.625842676761688,-0.570954813404542,-0.531348797866289,-0.260315855955511,-0.550462921512215,-0.0434224588146375,-0.625842676761688,-0.570954813404542,-0.531348797866289
256,-0.739158466680945,0.336232938095534,-1.07549367222544,0.18339070473956,0.892564242391516,-1.68867441280915,0.0813136540796511,-0.0355348577771232,0.432279007467182,0.825987299904074,-0.560782878231685,-0.0571624341623599,0.0788172946649228,0.0229674572608943,0.434569711477973,0.825987299904074,-0.560782878231685,-0.0571624341623599
257,-2.28340445528006,0.75058349668133,-1.25998023819689,-1.29114864419387,0.776860667999993,2.32213056598429,-0.189591212833876,-0.0231711264140791,0.541336904398049,-0.966618546573183,-0.0880768498245988,0.240605598325813,-0.157599685612615,0.0259154135027388,0.542363444726508,-0.966618546573183,-0.0880768498245988,0.240605598325813
258,-0.783553110897354,1.48279877694803,-2.5551184472358,-0.623548916866532,-0.0324519920558046,-1.34424110351444,0.114040470508715,-0.106886263197417,0.823307946742331,0.279303416671002,-0.251523997897137,0.926674311674682,0.146561537464704,-0.0790427539896081,0.783293959199988,0.279303416671002,-0.251523997897137,0.926674311674682
259,0.862896263440671,2.73201084564841,-1.17737141223699,-0.774019252373377,0.940924092194718,-2.46288865147274,0.224356939569368,0.0977632102999012,-0.160963813648352,0.0949237566365228,-0.757804422522143,-0.645540035653786,0.191157650337101,0.0986627309216886,-0.112683402950811,0.0949237566365228,-0.757804422522143,-0.645540035653786
260,0.595183997602513,2.83683563716015,-1.30870834519478,1.50602581311318,-0.500641311143482,0.152547681512346,0.351339498044305,0.127509579384629,-0.230295276353782,0.388169884772,-0.315631102519625,-0.865852844124415,0.354735102032129,0.100383855989678,-0.178462227014018,0.388169884772,-0.315631102519625,-0.865852844124415
261,1.93770320166665,0.763700306534553,-0.555294037751694,-1.1926505207097,-0.136697838480108,2.12109770845581,-0.114702374164122,0.229580123240729,0.316755167355789,-0.473167537219276,0.878202825917445,-0.0698017068019106,-0.0656299060484711,0.218556040151155,0.346827787212938,-0.473167537219276,0.878202825917445,-0.0698017068019106
262,0.962801271245107,1.56158468863082,-1.08247552824686,-1.39215306292073,-0.567813798970603,-2.68026795120985,0.157607087493163,0.403861408780109,0.285471671274078,0.0315473164221407,0.971803680451946,-0.233671507648268,0.188193815733527,0.360764656704302,0.260151283913957,0.0315473164221407,0.971803680451946,-0.233671507648268
263,1.63273791284195,0.19900226186963,-1.22612551405548,-1.25417239101453,0.1931362820404,0.690736256458532,0.0397419551444511,-0.0851575340795037,0.604630670756734,0.151951472112858,0.496556738578475,0.854600582433129,0.0120144149753437,-0.136403363150007,0.59838178933305,0.151951472112858,0.496556738578475,0.854600582433129
264,1.16404619333777,1.03285678478377,-0.337519571343821,0.930800269804627,-0.876101283051944,-1.2371970721374,0.205749254169762,0.182269526608632,0.259042652114732,0.877496647276161,0.479460297839424,0.0108377495278129,0.163478954348286,0.185718773721809,0.29948179710266,0.877496647276161,0.479460297839424,0.0108377495278129
265,1.92032785352619,0.470932309997428,-0.645021094230674,-1.31152293863237,0.588404783141683,0.915937256670743,0.0419131367683149,0.183166836086506,0.376764153369695,0.216268200434388,0.973257465378381,0.0774465723329409,0.0201710918654052,0.14868637963228,0.418863816149201,0.216268200434388,0.973257465378381,0.0774465723329409
266,1.28694687401361,2.79077951974625,-2.13279842546894,-1.58145719929358,0.732671069682921,-0.151509813951021,0.295871642889889,0.557988754558971,-0.000239885297958271,0.818332692847006,0.41691339420923,-0.39561954646694,0.240342562321726,0.574282510856164,-0.00946131235575159,0.818332692847006,0.41691339420923,-0.39561954646694
267,-1.84421531618043,0.408667672741943,-2.2826959518813,-1.09489270207555,1.03763270293743,-1.20950745444612,-0.050856289416963,0.35771022050843,0.604492526593969,-0.783348033157885,0.0416767689001036,0.620184574043664,-0.00413971695677756,0.322677511152486,0.609419100733688,-0.783348033157885,0.0416767689001036,0.620184574043664
268,0.466640237134053,2.56534401343286,-1.96798454830377,0.74911051709131,-0.217863606266413,-1.07048560846773,0.602493946718539,0.273180508075848,0.0863543627740099,0.896207527519561,0.286642098235885,-0.338597659673253,0.579762040407538,0.284527701520393,0.139160627898519,0.896207527519561,0.286642098235885,-0.338597659673253
269,0.724762895149833,1.26429801513258,-2.27248564923508,1.57802743721955,0.0400809405327891,0.0439084463277659,0.087066168926427,0.0873101106345889,0.805406050723072,0.315595261551663,0.332986026414179,0.888549344211695,0.109357030906315,0.042529541203351,0.774880355422102,0.315595261551663,0.332986026414179,0.888549344211695
270,-0.824566892789439,0.714489961234865,-0.467650117023205,-0.765477515073723,0.0849431082309942,0.290883324376115,0.15647868132995,-0.184279394252363,0.269623515084167,0.618063199043703,-0.755081285403954,-0.218746735794106,0.157592311151481,-0.150980942218625,0.317831117397262,0.618063199043703,-0.755081285403954,-0.218746735794106
271,2.18305215707103,0.918820403156569,-1.91717332494809,-0.626577689280448,0.125825605066536,-0.688474139266712,-0.0207891859306172,0.0520571335328624,0.756086446299208,-0.257382175052313,0.4945296389834,0.830177602764787,-0.0441496335480959,0.00201227960631471,0.736495578973294,-0.257382175052313,0.4945296389834,0.830177602764787
272,-1.19805673180691,2.06788218798849,-1.92791031093593,1.52179708159852,-0.00532150473332882,-0.408230942857529,0.218653799746224,-0.56180043845195,0.358703936570233,0.358701727295649,-0.93197854377132,-0.0524315247251879,0.167138089137895,-0.545342992505341,0.381271258817972,0.358701727295649,-0.93197854377132,-0.0524315247251879
273,0.319463366375137,1.88944668611435,-0.603335272977651,1.25567139349732,-0.746687636844248,-2.32197201747015,0.339932674496054,-0.0170074944718726,0.0421937839449359,0.642235611932207,-0.467738829077531,-0.607251024321281,0.337032205986901,0.0406300464167221,0.0523673360651636,0.642235611932207,-0.467738829077531,-0.607251024321281
274,-0.880584507889392,1.87337885552646,-1.642838228312,1.40326982142779,-0.972798385362409,2.79217793382555,0.181721523428661,-0.464172914620195,0.383172523612917,-0.261071760072737,-0.963693239382774,0.0560078249931122,0.22887247667486,-0.442195733656088,0.35619491947827,-0.261071760072737,-0.963693239382774,0.0560078249931122
275,0.786773219031327,1.90106578604033,-2.20318686027523,-1.55318220515185,0.159144832038628,-2.65654421222077,0.387179496251373,0.345418283483994,0.567251514730255,0.757973961610735,0.535658746670708,0.372216577593334,0.39120349736897,0.299724940824215,0.530783366277371,0.757973961610735,0.535658746670708,0.372216577593334
276,0.996832710251599,0.76187236056151,-1.94273466388123,1.51225628896775,-0.698568334889501,1.68687665223068,0.0506641965471077,-0.147329382439273,0.727616153626297,0.643571766874683,-0.187080324318128,0.742170016327002,0.0517856562002803,-0.10157692168611,0.691017592680864,0.643571766874683,-0.187080324318128,0.742170016327002
277,-2.16750301427988,1.03068436842174,-0.214726488822317,-0.768373125974033,-0.830361265429288,0.606899325759171,-0.0549369192721516,-0.257055121800982,0.219505900940861,-0.0570661928536726,-0.996948971220192,-0.0532559707092787,-0.0559418932070906,-0.224492522333388,0.268215932179849,-0.0570661928536726,-0.996948971220192,-0.0532559707092787
278,-0.0861276288546646,0.369222695181449,-2.34194236490106,-0.988568279245971,0.611117570591743,-0.524055891320278,-0.416888964263365,-0.0550945015552991,0.630101418975488,-0.147161030563238,-0.468316986284954,0.871219163839125,-0.418003064060913,0.0027583044825072,0.620837963076469,-0.147161030563238,-0.468316986284954,0.871219163839125
279,1.54115104731639,0.575157476799462,-0.783145985181673,-1.15451697905854,0.743193034904285,0.256413991888591,0.12235882426793,0.157751012703215,0.385042422014502,0.641831082041415,0.765371419576068,-0.0475336956448888,0.0747713277237484,0.154039137596772,0.419037306274514,0.641831082041415,0.765371419576068,-0.0475336956448888
280,2.17320872125587,0.370349611246627,-0.295456207749011,-0.463563144524155,-0.951020851247719,2.63345612611983,-0.118235916476423,0.0470079454824849,0.417296744174811,-0.623916335422086,0.264921122384812,0.73521779447171,-0.0897730362178366,0.0830205924164721,0.380869368367688,-0.623916335422086,0.264921122384812,0.73521779447171
281,0.704281871400772,1.34566313873468,-1.11440942278049,-0.50424116782027,-0.620091936126833,-2.61212099215139,0.256875617955367,0.290242947623626,0.464800057783037,0.487636353983679,0.782723774278791,0.386722483768745,0.250040834325401,0.277884876752726,0.407926831946258,0.487636353983679,0.782723774278791,0.386722483768745
282,1.5890025713819,2.32261261737212,-2.25731930492623,-1.34324062905124,0.352058947630222,-0.691406987428377,0.0521068713059759,0.645520021580383,0.325710911453529,0.318779464405735,0.946102821043037,-0.0571760884251466,0.000850198311155168,0.624633316432954,0.30646256031411,0.318779464405735,0.946102821043037,-0.0571760884251466
283,-1.84823934257273,1.91988978230863,-1.05333894262076,1.3573826303156,0.233065343619173,-0.0828268284599831,-0.0799828816183926,-0.439335818978367,0.0828050687759328,0.0369111857650604,-0.694465462268802,-0.718578656850589,-0.128015502946932,-0.419549771646198,0.109922952529616,0.0369111857650604,-0.694465462268802,-0.718578656850589
284,0.361634234073493,2.93241788613848,-1.30342919632942,-0.498921191550231,1.06039199534729,2.78084211766421,0.185263994376515,-0.0138485642271393,-0.193760738034242,-0.555348173032427,-0.656428110524622,-0.510578634906143,0.202233975605548,-0.0183715706284292,-0.137854010798781,-0.555348173032427,-0.656428110524622,-0.510578634906143
285,1.86685229463362,2.25270604866803,-0.948634770925283,0.769536829052176,-0.140727772943076,-0.567278951761947,-0.0978278987602321,0.38114487129422,-0.0729015281901486,-0.0343450164347013,0.44713254656158,-0.8938080921828,-0.0998162897207324,0.40738288544773,-0.0205411145681344,-0.0343450164347013,0.44713254656158,-0.8938080921828
286,-1.58466723010522,1.64764130001561,-2.39285045565083,-1.61534337449585,-0.896670665008166,0.607222711364773,0.144983003273182,-0.291167430728454,0.686542039836084,0.774214229682799,-0.456661167202192,0.438238411057499,0.143692722268589,-0.236221911131676,0.666211642614947,0.774214229682799,-0.456661167202192,0.438238411057499
287,-2.09190270869759,2.01679181514468,-1.16446237059465,-1.40532051533611,-0.567513930768004,-0.841045660887666,-0.146590001221466,-0.459242328222223,0.10828262353466,0.126471992096372,-0.844649829620392,-0.520164878223644,-0.106948251248008,-0.416849786485628,0.116369901454509,0.126471992096372,-0.844649829620392,-0.520164878223644
288,-1.75895666345353,2.24656881454904,-1.4803513635491,-1.59072393358154,0.39903138144493,2.15246859377813,-0.174999097921936,-0.522224532530172,0.0754554106129988,-0.516642832782777,-0.636528719461014,-0.572635462258067,-0.182724810597674,-0.512486671202042,0.132722219677291,-0.516642832782777,-0.636528719461014,-0.572635462258067
289,-1.69730741683373,2.44847279527642,-1.94838371646531,-1.56838587518257,0.0674689851601455,2.45779861778095,-0.0946607266171273,-0.64216877345191,0.123845457807465,-0.18219247648659,-0.898019535910953,-0.400458255794483,-0.125629737004099,-0.615693115282626,0.165963861387787,-0.18219247648659,-0.898019535910953,-0.400458255794483
290,1.26918364026685,1.30083003462056,-0.819807541052238,-0.0615905161061159,-0.129177959081567,2.50022340284947,0.109005642612878,0.360234321723656,0.277994589234552,0.279126674802641,0.923892072524544,-0.261747469405005,0.125510281405737,0.310133410214076,0.252470178090973,0.279126674802641,0.923892072524544,-0.261747469405005
291,0.371235283799143,2.37148101250802,-0.827098846384206,-1.17999279313819,0.423649102501234,-0.601096118185369,0.270831891821237,0.0281013452915499,-0.123358836455342,0.0892351706090918,-0.373144825240657,-0.923471723293402,0.243575705334904,0.0776914626222977,-0.108129898168485,0.0892351706090918,-0.373144825240657,-0.923471723293402
292,-1.75410685303631,1.96819582714182,-1.35454765519805,-1.43784422380492,0.0516876321680153,-1.0482207758757,-0.105620020186113,-0.517060774290385,0.168211018146959,-0.207130878869947,-0.836274319128597,-0.507683033185634,-0.067009147479197,-0.475630528671423,0.153153287349696,-0.207130878869947,-0.836274319128597,-0.507683033185634
293,1.67239281518103,0.182476700143972,-2.07041426321058,1.25508071498618,-0.619162857606413,-1.0304179050352,0.153735856584544,-0.47346491410883,0.553509941214198,0.598118384590842,-0.427633419734237,0.677778766516659,0.142555544847332,-0.493006993798525,0.499407189427802,0.598118384590842,-0.427633419734237,0.677778766516659
294,-0.735305515340062,2.41801872441221,-1.17595668282569,1.03293513807048,-0.908749586629311,-1.7400389238168,0.263846031890518,-0.412132531999222,-0.00698300277820224,0.00394215951719624,-0.916932771491228,-0.39902224492346,0.309603572724511,-0.383915164151662,0.0163413966477407,0.00394215951719624,-0.916932771491228,-0.39902224492346
295,0.610263677063421,0.337478123127096,-0.758757571184035,0.34096325140785,0.655383583467273,-1.91831845416137,0.0881275044316915,0.11075811470197,0.36361523518328,0.679883955905406,0.724137570810524,-0.115683123415001,0.029925777442194,0.117350749680332,0.365374820214497,0.679883955905406,0.724137570810524,-0.115683123415001
296,1.12122513222454,2.29639367921278,-0.422943585533278,-0.233331460748525,-0.686287814481766,-1.11326561613261,0.0868435341161854,0.247537090877769,-0.103014076589619,0.0579101315066039,0.457155315808459,-0.887499540223518,0.0482421114835157,0.258681394783615,-0.0603557285064103,0.0579101315066039,0.457155315808459,-0.887499540223518
297,-0.844664408494248,1.40611093234002,-1.68374710725478,0.414178745961091,0.963663093083835,-1.20441847887899,0.287922561271028,-0.227218846480171,0.422741301500463,0.779154417455447,-0.379675595598459,-0.498763306455697,0.290108494567268,-0.192425458208196,0.469843762457191,0.779154417455447,-0.379675595598459,-0.498763306455697
298,-1.20354955482953,2.75933325815013,-0.313944496152512,-0.62673779997205,-0.930060113284992,1.58752225139097,0.127157378649426,-0.0772305222523534,-0.158266702299608,0.451284877392614,0.136422630605848,-0.88189048373101,0.082307963460924,-0.113256866987228,-0.147102812193856,0.451284877392614,0.136422630605848,-0.88189048373101
299,-1.7400764779883,1.46114761925464,-1.49372737017407,0.346254094514116,-0.819062921444551,0.559797473412395,-0.105608174014933,-0.344734446684867,0.606201946062762,-0.344757798675841,-0.545580411394183,0.763861293007534,-0.120569608094184,-0.289640641001585,0.592979689612938,-0.344757798675841,-0.545580411394183,0.763861293007534
300,-1.73357096439808,0.482941195857131,-1.49153266861658,-0.754822561725492,0.975258815785699,0.0940663553801886,-0.107438305484074,0.00792714460860088,0.555353631311664,-0.688186606591928,-0.690377742981678,0.223109315141729,-0.068457585980948,0.0316488841119033,0.592120227318856,-0.688186606591928,-0.690377742981678,0.223109315141729
301,-0.257806062874302,1.02907006286866,-1.42229589451543,0.921491783281312,-0.727286939004335,-2.69910716256311,0.149546429017634,-0.143146366599316,0.65121652132074,0.325834077756803,-0.633564453005382,0.701732311968293,0.173310685203569,-0.0915265037615151,0.636910931904858,0.325834077756803,-0.633564453005382,0.701732311968293
302,0.983615197317405,1.86715311518164,-1.55802438153111,1.3677463261987,-0.0501110124430653,2.35248531597399,0.310362826353588,0.449968059796743,0.313354273568704,0.581840677475469,0.785742683826098,-0.209928227850966,0.264734210963948,0.430824619206635,0.281960673265501,0.581840677475469,0.785742683826098,-0.209928227850966
303,-0.0145765252939407,2.77826516786946,-0.854177959793794,0.64185284892198,-1.08791244486068,0.227319495755553,0.337299366682598,-0.105070130362095,-0.172195790511042,0.554573823464358,-0.538371954102927,-0.634510451737021,0.338553641065442,-0.107744265679062,-0.113669934719955,0.554573823464358,-0.538371954102927,-0.634510451737021
304,-0.410118319160086,1.9320951481416,-1.24282579093177,-0.936524968461089,0.114422223466886,2.05025635488089,0.446969429664446,-0.212572635603042,0.135187885015397,0.679088075135909,-0.395538541840339,-0.618375814636233,0.415375448790881,-0.241191066647188,0.175397408478531,0.679088075135909,-0.395538541840339,-0.618375814636233
305,-2.33292393695743,0.510487830530452,-0.680820862120472,-1.58157396079621,-0.78477841745501,-1.01503863857955,0.00447299539091225,-0.190762870080901,0.40341079265503,0.0373847028085769,-0.984235464528645,0.172866811042483,0.0201880920043022,-0.163264923786074,0.35410664792055,0.0373847028085769,-0.984235464528645,0.172866811042483
306,1.90734407891546,1.89260369214651,-2.52356095793157,-0.621945787887879,-0.674672670765986,-1.26905493560314,-0.179086043413625,0.297907156954518,0.735038501978433,-0.427380102529539,0.119528715784271,0.896135667220541,-0.20613883182427,0.284113125338781,0.684919929263392,-0.427380102529539,0.119528715784271,0.896135667220541
307,-1.7880400894318,1.24312109455481,-2.49437199858777,-1.64449833734419,-1.0826324453747,-1.87768347820691,0.162810781703033,-0.0424340574697322,0.733804083126776,0.823177399603014,-0.357093240748274,0.441433331540239,0.114401003918758,-0.0726063783960509,0.720383037534263,0.823177399603014,-0.357093240748274,0.441433331540239
308,-1.64728667326113,1.61378604667703,-1.54539648240946,0.309356474591016,-0.489749916121261,0.524658567023139,-0.0609341880949342,-0.454748252079791,0.520974229654833,-0.209570289507321,-0.860344328330455,0.464637418279497,-0.0853546329843554,-0.402503239500416,0.531371370222491,-0.209570289507321,-0.860344328330455,0.464637418279497
309,0.401214961825321,0.500614271844333,-2.37137971082221,-1.54305834193746,-0.728702183370129,0.136615540652508,-0.423246446680276,-0.0413983688725715,0.639339308963347,-0.53503481591223,0.496094197827891,0.683833526995619,-0.413508890066992,-0.0250486357830088,0.583914889984858,-0.53503481591223,0.496094197827891,0.683833526995619
310,1.60866560807817,1.02292034229708,-2.09814600834346,-1.43406224192974,0.979438006994317,-1.44258134296397,0.156035573383293,0.0255264605644088,0.707490727350557,0.809534630091396,0.356124383074363,0.466721658446114,0.116372351340796,0.0566088798898755,0.677578990087679,0.809534630091396,0.356124383074363,0.466721658446114
311,0.590954670277454,0.741059317973974,-1.97536696370705,0.802677379567886,-0.755415622005047,1.82656972363907,-0.117595355163579,-0.19112316464512,0.741498956504445,0.0405011893562238,-0.566608230781018,0.822991352610667,-0.0720516829895087,-0.170331523129862,0.711044374451791,0.0405011893562238,-0.566608230781018,0.822991352610667
312,-1.91330310986153,2.92590836079689,-0.976587280863999,-0.711904680169634,0.806443225905063,-2.65564959277957,-0.115187051954331,-0.0580627500446027,-0.187248236276571,-0.201592200152835,0.838663606629883,-0.505968318921349,-0.101449466588088,-0.0622165758722879,-0.130432530003583,-0.201592200152835,0.838663606629883,-0.505968318921349
313,1.22964601148831,2.68959611785603,-1.05995556339124,0.72793036231325,-0.0793853872431987,1.46322606638155,0.113693946828655,0.293265366608996,-0.218983721230213,0.0789952473656505,0.0647981247234062,-0.994766783686493,0.137811992955422,0.252446568214441,-0.184543257402736,0.0789952473656505,0.0647981247234062,-0.994766783686493
314,-2.32254415720555,0.703791022223263,-2.34016910801238,-1.09502549325407,0.971176856080667,1.97499091734225,0.035557218423321,0.242327892467001,0.690606862129721,-0.73263128077595,0.290926571699142,0.615315477058699,0.0610838701077964,0.274582128383503,0.64886893789741,-0.73263128077595,0.290926571699142,0.615315477058699
315,-1.70926724736033,2.02421003061837,-2.46872397732584,-1.16021749547451,-0.692258031357946,0.821585680678114,0.04808635162871,-0.468861246500647,0.62681370530559,0.505872168656459,-0.61000460760429,0.609907966565734,0.0444811611864173,-0.410506684195115,0.63078203744953,0.505872168656459,-0.61000460760429,0.609907966565734
316,1.68022169177702,2.56863973993869,-1.36297138786478,0.926221470077198,-0.494860222541145,2.64163030152559,0.0158911856429835,0.511552796815685,-0.0901826655454049,0.307319883381385,0.678939303001466,-0.666780257744885,-0.00727386327981927,0.459009562133625,-0.101869795113871,0.307319883381385,0.678939303001466,-0.666780257744885
317,2.31157043496696,0.395653011080953,-1.76164243923538,-0.764057989583885,-0.623833493505117,1.50920697557469,0.147350010321299,-0.277030418221133,0.673689364763394,-0.0798220718662908,-0.511593092888529,0.855512094684653,0.196961919000984,-0.262536947973684,0.646074190721846,-0.0798220718662908,-0.511593092888529,0.855512094684653
318,-0.635917454744006,0.592252822632691,-2.16159210692931,1.29715702754598,0.978954416585767,0.0987256707450523,-0.0945331063455929,0.259963235952441,0.662800495356041,0.615873079974944,0.538528523997377,0.575054239357805,-0.136505705601048,0.223404836438072,0.681124914492502,0.615873079974944,0.538528523997377,0.575054239357805
319,-2.26961720533918,1.34195825751388,-2.26581271739553,1.49001348583756,-0.504683956071891,2.22492805976951,-0.172929465143005,-0.0628882608222204,0.776254225302432,-0.64667991688504,-0.020429203806627,0.762487857430783,-0.159589168084217,-0.107339203394569,0.740475038911277,-0.64667991688504,-0.020429203806627,0.762487857430783
320,-1.01253707066449,1.53641902807977,-0.206281228056653,0.224610377989761,-0.496361132449074,-2.09642084584415,0.121115935383764,-0.229574571388934,0.0467492477627529,0.292866477295737,-0.669187804296478,-0.682947222746563,0.144719146808754,-0.176818022702068,0.0564257647537765,0.292866477295737,-0.669187804296478,-0.682947222746563
321,-1.62487293266878,0.91666223244888,-1.50897016286545,-0.343268746319809,-0.16415870503441,0.646528149374649,0.00318223470624907,-0.160281131827946,0.681121239367263,0.0186735672853524,-0.672679993611341,0.739697859994124,-0.00989043080861653,-0.10335782282733,0.68590060216546,0.0186735672853524,-0.672679993611341,0.739697859994124
322,-0.250674242582954,0.190977951983954,-2.47896425689196,-0.333814573674514,1.05287237846066,0.241729886535504,-0.42771896414273,0.0547815888362963,0.541961849704671,0.135366159629065,-0.328516994477492,0.934747338678616,-0.477746115288966,0.0745451566073222,0.518709203894963,0.135366159629065,-0.328516994477492,0.934747338678616
323,1.94333271497592,1.07307339186369,-1.85697924530857,1.24970415654596,0.613000645877477,-0.596782768828599,-0.155991969181252,0.111471766488963,0.689947287240637,-0.750741176901708,0.421257370831433,0.508851562662853,-0.104845757145042,0.0930789231620014,0.711850901296243,-0.750741176901708,0.421257370831433,0.508851562662853
324,1.80167288674381,1.35993910899064,-1.43011072319409,-0.24754692920837,-0.0983587476777397,1.10453959833961,-0.0968548215260282,0.38594836292658,0.514754034299094,-0.244915242221731,0.93674827229947,0.250038393994662,-0.0521057476071505,0.354621597456031,0.535970870739904,-0.244915242221731,0.93674827229947,0.250038393994662
325,-1.90579715778189,2.22975885510774,-2.24655847642011,-0.0114469124878371,-0.527789967828982,0.518100048902825,-0.194093890499223,-0.565193977974929,0.490318335952158,-0.259855322797992,-0.763985265146907,0.590594383525582,-0.198660049969293,-0.508133720094568,0.502859354982548,-0.259855322797992,-0.763985265146907,0.590594383525582
326,-1.28357209912279,2.85616265204062,-2.40920703732454,-1.04452416536902,0.272835403980432,-1.17897455566611,0.152127401643946,-0.669604067259943,0.0175103458275637,0.0183904102435512,-0.884762309058795,-0.465679556433417,0.185145212609113,-0.6228148773441,0.00507668723133151,0.0183904102435512,-0.884762309058795,-0.465679556433417
327,-1.70971799268629,0.69092596652663,-0.240153431809274,-0.670688667684526,-0.577102485803194,0.905210346409556,0.0347411235819248,-0.22726848362738,0.275804670624724,0.206321797470276,-0.973206226532962,0.101493628007419,0.013790155491801,-0.191432909654445,0.317167317712609,0.206321797470276,-0.973206226532962,0.101493628007419
328,-2.33595568083217,0.377904090443289,-1.81069587207711,-0.910234196480013,0.428855519156873,1.13171067253441,0.09642610866827,0.189695359483892,0.676827303000836,-0.445290367420975,0.0103664858506066,0.895326211306919,0.134192817416794,0.229398660256623,0.656058970904728,-0.445290367420975,0.0103664858506066,0.895326211306919
329,1.65789435181087,1.73690241832523,-1.17778220310816,0.101962868728335,0.788114413007346,-0.303253323005392,-0.0470895267563832,0.364647802320288,0.122439627251211,-0.098643709430411,0.300059776253576,-0.948806381336289,-0.0581038369955919,0.396328156819551,0.170492099703266,-0.098643709430411,0.300059776253576,-0.948806381336289
330,-0.549554261734907,1.83948377885931,-1.82172647195418,-1.31538698339426,-0.281221149086021,-1.57037817812596,0.482188902684244,-0.234776901703725,0.4528585409641,0.953381868059714,-0.269057089795332,0.1366429511019,0.45771935170811,-0.216864785984397,0.402714775793505,0.953381868059714,-0.269057089795332,0.1366429511019
331,0.674941160353465,2.35183049658261,-1.51832834470326,0.399212493397048,-0.485152047698701,-0.124073950777034,0.488665383882766,0.348414366037718,0.0960390879025719,0.848110486241227,0.446592503413663,-0.285067955095599,0.474531612624563,0.331553365571325,0.150352467223814,0.848110486241227,0.446592503413663,-0.285067955095599
332,-0.873011731071323,2.49458214964015,-0.758274659549098,-1.17291941850285,-0.948089853464274,0.181635715216277,0.300087499127034,-0.134425630555991,-0.0963361691318967,0.746123736612348,0.275657635947316,-0.606062898887207,0.304089745579595,-0.146426543238799,-0.039117639632157,0.746123736612348,0.275657635947316,-0.606062898887207
333,1.14961487756173,2.51878320753242,-0.812884737721346,1.27822432649416,-0.740373981639043,-1.68859239609709,0.230283636569967,0.213278876373944,-0.129110685341414,0.654468723195684,-0.11894839780127,-0.746673937551808,0.209226585100986,0.264045749416543,-0.108780284831112,0.654468723195684,-0.11894839780127,-0.746673937551808
334,1.7999555249809,1.46249595159714,-2.10812393886917,0.74157172865158,0.842281593088579,1.68435959032089,-0.170577106958206,0.302919099074861,0.599794349207468,-0.686840210286322,0.725894144433011,0.0364447062233874,-0.119855068510829,0.304167941164471,0.570473448655507,-0.686840210286322,0.725894144433011,0.0364447062233874
335,1.61622277687681,1.67751879344798,-2.05341444085251,0.100396937616111,0.753892057060968,-1.60889658539748,-0.0351993053586798,0.454777765361975,0.479567921698844,-0.111965187106672,0.952387735474447,-0.283586667870729,-0.0779734695224173,0.416699863703135,0.491995483219645,-0.111965187106672,0.952387735474447,-0.283586667870729
336,1.02129902291121,2.59490066560164,-1.41825009507627,-0.130241915331998,0.971791958740987,0.725392311478564,0.174957625020041,0.249141100905758,-0.134144486658939,-0.151268332886192,-0.452374662415972,-0.878905601455508,0.222420453039506,0.279561675601126,-0.118148593698612,-0.151268332886192,-0.452374662415972,-0.878905601455508
337,1.44381631022045,1.29175262109673,-1.78202950524959,-0.39964911322458,0.480856995593835,-1.73480201787535,0.0751257479527049,0.327314894356715,0.58264960302088,0.302053084263152,0.944786695512665,0.127051305657896,0.026112670147349,0.309536691345441,0.555897898369847,0.302053084263152,0.944786695512665,0.127051305657896
338,-0.0471862931580107,0.498298276583248,-2.222522452167,1.47467147966259,0.287551679238296,-0.346718103540044,-0.353522651583419,0.0708133512952447,0.700828846919097,-0.188601198352546,0.291519886769731,0.937787685778474,-0.371193280426149,0.0210514481103122,0.675422118130922,-0.188601198352546,0.291519886769731,0.937787685778474
339,0.979055870076813,1.65378066258465,-0.978514125911198,0.917340459001839,0.259167258469948,0.0117977697436173,0.196120509949169,0.363023906073896,0.15618863362934,0.231536297244946,0.709281572549941,-0.665815735695083,0.23223130413579,0.338720575465298,0.195423295148726,0.231536297244946,0.709281572549941,-0.665815735695083
340,-0.068930777459062,0.468282898362174,-0.33740853170626,-0.222196923443272,-0.160311826134289,-2.66047477466725,0.201121943862207,-0.0057659936086318,0.308836314198313,0.993093782631463,-0.0333050052140743,0.112496735625631,0.171875024037747,0.00719941882008027,0.259739310610161,0.993093782631463,-0.0333050052140743,0.112496735625631
341,0.0491331833561879,2.88042430779908,-1.89379226701949,0.802673565054421,-0.841501603288056,1.52225608735248,0.61627607565349,-0.0712693678713684,-0.051629655099752,0.845489151570051,-0.495357648048099,-0.199421400801447,0.56170559995147,-0.0889101851996129,-0.0636656322369299,0.845489151570051,-0.495357648048099,-0.199421400801447
342,1.25217655016926,1.68520544435709,-2.15116381552064,1.41836527386448,-0.640774104188865,-2.7143128259228,0.226995361912806,0.328565566875713,0.648297244751972,0.759866471449562,0.417333849627388,0.498432947869598,0.16990959516799,0.339156785649823,0.656237101176082,0.759866471449562,0.417333849627388,0.498432947869598
343,0.478832562592117,1.87343063426134,-1.42409850332039,0.317603673392183,0.490715324381306,-0.519358608461398,0.413889213411564,0.248045381455106,0.177649274948901,0.523493445291095,0.437574715538929,-0.731083429615448,0.419532586146561,0.257477234767386,0.235209612745595,0.523493445291095,0.437574715538929,-0.731083429615448
344,0.4599955146905,1.36005540529433,-2.26640385991385,-0.494793905517912,0.102653352427428,-2.10763572002584,0.188022793441013,0.0841753585711897,0.777889953730675,0.575706833825904,0.230928729683689,0.784368257448522,0.186131078019623,0.112135240054544,0.726424757333485,0.575706833825904,0.230928729683689,0.784368257448522
345,-1.97215550517449,0.975005968650615,-0.919313973206978,-0.141657587572234,-0.00172367299584986,-2.49548096342392,-0.118007130365841,-0.281765421550773,0.409882047406559,-0.390232345991537,-0.920115710687839,0.0332534973702879,-0.0839702896491996,-0.259690443892241,0.367595065539733,-0.390232345991537,-0.920115710687839,0.0332534973702879
346,-2.00933846945086,1.11183977859035,-1.74640448953735,1.59920299265521,0.552653971408027,0.828193326169462,0.00874492821426165,-0.217293288478033,0.682764611149981,0.207982196336075,-0.792306606413559,0.573579678371412,-0.0373690767131878,-0.211001210688696,0.647156911046715,0.207982196336075,-0.792306606413559,0.573579678371412
347,1.80421464465073,1.60360095484318,-1.64899291168292,1.26549405099165,-0.558307038826929,-1.89905347583439,-0.00830537337653978,0.450315559770403,0.513354713202167,0.301971479685661,0.914279452515844,0.270011681532082,-0.0444703582925202,0.415165485699275,0.543197068317358,0.301971479685661,0.914279452515844,0.270011681532082
348,0.74740478969071,0.879377122872351,-2.17959967917766,-0.736664773033448,-0.442035588789423,-2.79262874146723,-0.156625018375817,-0.0688774767182385,0.790936398880368,-0.303002273772356,0.111033065973252,0.946499487770258,-0.104242559423966,-0.0543841576798244,0.769027001412423,-0.303002273772356,0.111033065973252,0.946499487770258
349,-0.0368921578049628,1.00770213712612,-1.11281651510235,0.14305917099711,-0.813023399794444,0.295143923198033,0.216574274088702,-0.0263832682346097,0.607735039004668,0.532996016465599,-0.123299023191285,0.837085776555711,0.1597469173413,-0.0386087654567072,0.600306126380606,0.532996016465599,-0.123299023191285,0.837085776555711
350,-1.65374993836042,0.887659147206496,-1.278807609092,1.0333909999455,0.479901194568758,0.00463075298676374,0.0574573510899578,-0.231937567044807,0.535034621604713,0.320979774592716,-0.92604033194222,0.198547948664177,0.00963226636639956,-0.206040791938924,0.556854757037377,0.320979774592716,-0.92604033194222,0.198547948664177
351,1.85659759009992,2.84372539121303,-1.43987474910313,-0.70041897350425,0.936302146193047,-0.0207530167254184,0.0158220226269948,0.294000987604664,-0.197784756902169,0.624032470223233,-0.282453674357163,-0.72856255596155,-0.0322816133907617,0.32693816553075,-0.203716241719359,0.624032470223233,-0.282453674357163,-0.72856255596155
352,1.77813012323107,0.759610376390417,-2.28446377615891,-1.23885712216607,0.162730218634129,-0.190064154910922,0.0723355173570207,-0.204015284575815,0.777530848018099,0.147412454154433,0.0432839496789911,0.988127556573722,0.0235983240271906,-0.221594786245588,0.750151163809306,0.147412454154433,0.0432839496789911,0.988127556573722
353,-0.593580392601353,2.28954242896903,-1.45626700698841,0.679399020453987,0.943199400651474,1.81127215699765,0.393782295670378,-0.14719407077367,-0.000323239299930375,0.28765971499871,0.41944412706536,-0.860998555537255,0.341631636180163,-0.171336214920008,0.0111426052286274,0.28765971499871,0.41944412706536,-0.860998555537255
354,-2.16842263679434,2.88744909222311,-0.406784643579924,0.457620457925836,-1.07394479920893,2.69746614085942,-0.144139000990154,-0.082180163007414,-0.193005934929326,-0.426382112469603,0.0638310229693919,-0.902288143927781,-0.111054413039327,-0.0414203963353451,-0.166966513642313,-0.426382112469603,0.0638310229693919,-0.902288143927781
355,-0.539436526064605,1.28643583057702,-1.32352771245016,0.170256206272456,1.00773001007019,2.00872893424915,0.285026374512689,-0.137114084134146,0.311100857753386,0.616722359813686,-0.202221914732413,-0.760762662140957,0.230353385370818,-0.1570188306794,0.318076911312674,0.616722359813686,-0.202221914732413,-0.760762662140957
356,-0.109773336485507,2.63770672442421,-1.61579950719881,-1.48668168495262,-0.422873180359006,-1.01617493709936,0.541840152934135,0.01897315102293,-0.0909078836272747,0.610862986680733,0.344070710958623,-0.713065044272907,0.486976814897053,0.0366257965386608,-0.0803060797371397,0.610862986680733,0.344070710958623,-0.713065044272907
357,-0.182390713762735,1.53646551585465,-0.846676676759189,-0.437601287797733,0.96940092157827,-1.31020411769349,0.22993045111844,-0.108969620965292,0.104137834951218,-0.0212076557492351,-0.351397898759862,-0.935985978572743,0.239483785362229,-0.0535156272092284,0.12049596385794,-0.0212076557492351,-0.351397898759862,-0.935985978572743
358,1.1564019911988,2.72604118623336,-1.14326561424716,1.34048527487902,-0.973523974440451,0.320674682389471,0.284288651249087,0.26521057468976,-0.141485852828832,0.829717985142156,-0.113136963988697,-0.546596828120199,0.276090632234389,0.247497935731942,-0.0862313968511953,0.829717985142156,-0.113136963988697,-0.546596828120199
359,-2.34224488358283,0.589819582294655,-1.57304639104978,-0.878988896789194,0.0775490450423333,-1.06480185602286,0.00510373546995008,0.0202929119242144,0.697200860455881,-0.40644083530796,-0.332369174327565,0.851079655115184,0.0395747675547099,-0.0099594278193971,0.660724239353474,-0.40644083530796,-0.332369174327565,0.851079655115184
360,0.983168732820869,1.81603309886243,-1.98156110135479,-1.4375593022725,-1.09060125123558,-1.75736028858425,0.0897129601258114,0.437866444341938,0.517616812249726,-0.499955760434713,0.835062489564898,0.229597204098444,0.115998469141995,0.425696653156019,0.466675981884966,-0.499955760434713,0.835062489564898,0.229597204098444
361,-0.0414517381667103,1.8991409728332,-2.2641357832929,-1.21011519781879,-0.408058894030353,-2.32944268623001,0.483704228261625,0.0514146268475937,0.610997211904938,0.779156590732801,0.339294147416275,0.527062129778551,0.485820229211623,0.0225759938111098,0.560028046867961,0.779156590732801,0.339294147416275,0.527062129778551
362,-0.429802297806591,0.954833792467785,-1.03151796179535,-0.924134549503556,0.338741253694525,-1.73251650811677,0.240660138748005,-0.165099372408431,0.42423029449242,0.765084793178641,-0.642450608243586,-0.0436173728489307,0.227029332578326,-0.124161153282837,0.384578518517193,0.765084793178641,-0.642450608243586,-0.0436173728489307
363,-1.91040674130941,2.75228571961799,-1.20713503159063,-0.271586143127246,-0.855457714133147,0.298111451992588,-0.12051654110754,-0.461308491457379,-0.151493084555046,-0.0743850846407683,-0.818424852197386,-0.569778571454448,-0.13234805139857,-0.457328637646611,-0.0942377256104183,-0.0743850846407683,-0.818424852197386,-0.569778571454448
364,-1.83180143673419,0.8239994609843,-2.22559485044661,-0.56639578412695,-0.337213145114728,2.42333280817673,0.088259522030664,0.194382152029818,0.786274816995954,0.22340031564417,0.148372960185034,0.963367927458672,0.0346853661866953,0.188468599178793,0.763278301645051,0.22340031564417,0.148372960185034,0.963367927458672
365,1.82990340321406,2.38966571589392,-2.38138815927101,-0.26447645354112,-0.226793307951459,-0.492116008084562,-0.18057237481716,0.63209835765384,0.393056816850607,-0.301305841169183,0.907322764276187,0.293223790821192,-0.197895841716773,0.580643689463468,0.415109359016913,-0.301305841169183,0.907322764276187,0.293223790821192
366,2.23346151615935,0.829291728842882,-2.29860253150519,0.989375982303181,-0.99959157880299,2.59967309444839,0.275481474031588,-0.136021805057708,0.707094021063631,0.833711226757099,0.0743646737100015,0.547170435680856,0.222341996695561,-0.115851833416553,0.721354743080724,0.833711226757099,0.0743646737100015,0.547170435680856
367,-0.0193771372800868,0.872094678422636,-2.08649335559831,-0.0239586191495982,0.463101872094946,2.7560208148474,0.0127565208540673,-0.000872223555445117,0.748217686375033,0.668090617950764,-0.0236481490944388,0.743704034714465,0.0209741839824581,-0.0192653263688395,0.693188932240452,0.668090617950764,-0.0236481490944388,0.743704034714465
368,-0.779338341649512,0.779186922647285,-1.7240509367383,-1.34671918703298,0.288995943768493,-0.688480236438399,-0.0131217962177459,-0.0611960110642508,0.719470190929642,0.193194182253159,-0.581470973981876,0.790295839771475,0.0254520506047505,-0.0286256442009373,0.689717383604891,0.193194182253159,-0.581470973981876,0.790295839771475
369,-0.343551595269846,1.82111745479743,-2.33956783195256,-0.82247783735182,0.205922010323983,0.116314584431856,0.424864692535635,-0.181364291638926,0.635211432152673,0.781819443125047,-0.438831333466346,0.442928232470895,0.396109560245905,-0.133882764513974,0.653990328522869,0.781819443125047,-0.438831333466346,0.442928232470895
370,1.951188230815,2.031465297147,-1.34934336876373,0.444525201422241,-0.908352367936318,-2.5953577323853,-0.14363313235278,0.530197227431702,0.289219436854693,-0.0224059245233457,0.969287877836642,0.244906072658873,-0.180460618383152,0.502356074463499,0.253127796907417,-0.0224059245233457,0.969287877836642,0.244906072658873
371,1.18546912853559,1.07193648409583,-2.40075724587355,1.39573196955347,-0.978624232485596,-2.44198850700724,0.104633384200875,-0.156560259881956,0.746712571619664,0.735794401155738,-0.359715086674584,0.573769688678799,0.0476394770460646,-0.154384521267357,0.760164735338183,0.735794401155738,-0.359715086674584,0.573769688678799
372,0.346523466539373,1.39817516995771,-2.49571783893717,-1.48491157632277,-0.574137928915803,-2.10649302262836,0.0655626081803469,0.133688387842044,0.799272658907591,0.0729755200470534,0.601655939085604,0.795414800237512,0.109853609807376,0.111893198558188,0.767692967665349,0.0729755200470534,0.601655939085604,0.795414800237512
373,0.614161506182182,1.50334644546285,-2.2951538089599,-0.212920425559533,0.882525198959838,0.37209388091762,0.296035400049398,0.172294488741732,0.616281638206117,0.900328445748314,0.435143790368824,0.00765320062964796,0.269008663898671,0.146981807282753,0.66169995709173,0.900328445748314,0.435143790368824,0.00765320062964796
374,1.08688497674501,2.92919315193529,-1.13439061547379,0.0104251695969888,0.0693797593532233,0.600735337698713,0.106462213054597,0.20589154415249,-0.283666561292412,-0.0958684037085875,-0.180840331118621,-0.978828904258183,0.1512174384556,0.233021890963761,-0.257305338232668,-0.0958684037085875,-0.180840331118621,-0.978828904258183
375,1.24556783581838,1.85436335687698,-0.808217423262031,-0.213635196803638,0.321768087743769,-1.82731734744029,0.114503314555609,0.303814489384079,0.0121927385862484,0.156822238191093,0.255229313115598,-0.954077975500575,0.0630829489748667,0.290207445550726,0.0367853057897758,0.156822238191093,0.255229313115598,-0.954077975500575
376,1.77410599040138,0.868276253842674,-1.69685600746251,-0.648486956793216,1.02720016244778,-1.7391680918026,0.067693143257225,0.155031585636678,0.568715130218321,0.333436478818825,0.942757587503143,-0.00531467761544186,0.0180919692326165,0.135313161568545,0.544530273641327,0.333436478818825,0.942757587503143,-0.00531467761544186
377,-1.89502369318013,2.11765034139789,-2.3290697808308,-0.991303480703941,0.235092713538704,1.18528632415588,-0.222585221568083,-0.547854117123154,0.475322174272559,-0.492809580932782,-0.854496690864314,0.164238004867304,-0.211265701829587,-0.505871742136261,0.51460765076642,-0.492809580932782,-0.854496690864314,0.164238004867304
378,-2.33524190180324,0.718275066267886,-1.49723356628937,0.192221236183948,-0.252255629867293,0.830044934316865,-0.0297864892580731,-0.0199162681581884,0.707931775363533,-0.339344687687064,-0.284988614405292,0.896452270116999,-0.0307642276248731,0.0343192212402582,0.68576071951594,-0.339344687687064,-0.284988614405292,0.896452270116999
379,0.403730677434226,2.32265147503914,-2.13825915546958,0.0102709448976566,-0.257645840003135,2.69712457031502,0.601901780279911,0.258123507294866,0.338614561099494,0.90881042080183,0.385393399462005,0.159798456479157,0.584084412723986,0.229095141079166,0.290929182122032,0.90881042080183,0.385393399462005,0.159798456479157
380,2.05500042852634,2.67987462246696,-1.48557047570577,0.829434088333416,0.899049318159319,-0.716007625923368,-0.267095044104353,0.268897777391559,-0.141826253184094,-0.420466039584635,-0.44076086319696,-0.793056221859386,-0.277867595501736,0.322997888660124,-0.122049243877337,-0.420466039584635,-0.44076086319696,-0.793056221859386
381,-1.80819206518091,1.64099198547656,-1.73413695588239,1.15219076300942,-0.689035524398665,-1.64617334170986,-0.207753214678102,-0.389285672513896,0.546774314539149,-0.73227643026342,-0.556351681798182,0.392739144778054,-0.15994165255831,-0.369758802319202,0.574464671489988,-0.73227643026342,-0.556351681798182,0.392739144778054
382,0.143402682726436,0.395190019948347,-1.97772999930334,0.443700756830717,-0.854077353806906,0.606712112870478,-0.426594329414574,-0.122760232023969,0.617978640814012,-0.688675797093106,-0.426450622047061,0.586400471907936,-0.405860649423881,-0.143776865440764,0.567358332301839,-0.688675797093106,-0.426450622047061,0.586400471907936
383,1.83669367681041,1.54367770553869,-1.80117269853398,0.86443413772782,0.998139900158503,0.824535121777303,-0.219053290108644,0.336099170973695,0.450620419704235,-0.799349999259244,0.501940913162074,-0.330295168566344,-0.164740610909939,0.357126830947168,0.457098875870524,-0.799349999259244,0.501940913162074,-0.330295168566344
384,-0.0691801155824163,1.39530196468662,-2.10974482737095,-0.187520348338902,-0.0260889183761752,2.04111501434691,0.266357892130122,-0.0161291469593535,0.743120021689017,0.675560733236952,-0.0419327700072263,0.736110955296736,0.249374773386966,-0.0603631297966256,0.708639180050395,0.675560733236952,-0.0419327700072263,0.736110955296736
385,1.02002666160839,1.91006013763003,-2.34424245812695,-1.28025537522082,0.165994069158642,-0.216712012861633,0.285239666642352,0.407429793048696,0.60964376582606,0.594801056249602,0.665966889803608,0.450221951008242,0.227581413920463,0.412544180535097,0.600513106830253,0.594801056249602,0.665966889803608,0.450221951008242
386,0.214175449209654,0.264422641210775,-1.15604865423232,0.42531743963511,-0.0396874752163838,-1.918701487486,-0.0428823040868671,-0.0112040252363205,0.607760175892077,0.518948899786644,0.0961271657246595,0.849383074601782,-0.0736138676785266,0.0306473867546255,0.580593462554319,0.518948899786644,0.0961271657246595,0.849383074601782
387,1.19873503283035,2.39941956373012,-1.85490940396966,0.0250891390352741,-0.575368600484052,-1.73694650991764,0.238424582340061,0.607685683404001,0.22503149159957,0.373695841796298,0.920056262849103,0.117677062405119,0.182545124174525,0.593721289042692,0.21423881606252,0.373695841796298,0.920056262849103,0.117677062405119
388,1.45470416109276,0.345418702726173,-2.08673304438249,1.56564069601717,0.164898603092689,0.470323247695455,-0.0765054277153789,-0.38526338107104,0.66477264296325,-0.192081286437093,-0.229948931252185,0.954058839074745,-0.0264650540172193,-0.363504757522583,0.643406237055258,-0.192081286437093,-0.229948931252185,0.954058839074745
389,2.12068202591994,0.439710794888005,-0.429199416514678,1.29084755346356,-0.627975241955209,-1.88238447909817,0.0103122131017907,0.188795374756207,0.354976257324578,0.0662665447763239,0.972357155379028,0.22389798441838,-0.0149175848855017,0.147043400153643,0.387445164147987,0.0662665447763239,0.972357155379028,0.22389798441838
390,0.688601766282094,0.666650869160857,-2.27924818630241,-0.444074447683237,-0.214384323356385,-2.31839451338872,-0.258204676236404,-0.188226168078738,0.74719810977522,-0.302278279728813,-0.130383913266716,0.944260492007077,-0.226626392340681,-0.143446067853991,0.726424217264119,-0.302278279728813,-0.130383913266716,0.944260492007077
391,1.14736704009261,1.22652064694213,-1.40974483302525,-1.29839135318407,0.842789941670517,-0.310276529200202,0.24818639457727,0.217390342847596,0.483496364460404,0.940991692640188,0.338062122389744,-0.0157681891000647,0.199450112384687,0.24969691642736,0.487377099130564,0.940991692640188,0.338062122389744,-0.0157681891000647
392,0.792759219323857,2.21493785887539,-1.86880803047302,0.30894141254269,-0.284315582949873,1.6709438729021,0.454014811809205,0.439456919617636,0.292390781631654,0.760020433780714,0.649777125590931,0.0125947328103167,0.45573757666139,0.383939256180037,0.273714027960483,0.760020433780714,0.649777125590931,0.0125947328103167
393,-2.00967606735418,2.96247654603885,-0.678493896042996,-1.62449517944028,0.854130724885285,2.05803435430034,-0.167085091143155,-0.0173331831229989,-0.17621404398991,-0.531965044130353,0.63861835666657,-0.556039374821497,-0.178193193802148,-0.0742899905615435,-0.168057320277179,-0.531965044130353,0.63861835666657,-0.556039374821497
394,0.931140748782735,2.65798762666122,-1.43189099127381,-0.423548853310869,-0.915684558097711,2.81027928502435,0.285056171052279,0.48957526377469,-0.0372082838993613,0.282655115396525,0.925893021771437,-0.250655536494079,0.294105695380839,0.4406362071635,-0.0681449102091835,0.282655115396525,0.925893021771437,-0.250655536494079
395,1.74278622542107,0.157198556599624,-0.911642501621273,0.510732502917567,-0.193658559724236,-0.133565972123162,0.0206759151657057,-0.0212751030655026,0.559023851939369,0.00222618538422337,0.536838867929795,0.843681855902147,0.0437347318920419,-0.0746078517779924,0.551414063114988,0.00222618538422337,0.536838867929795,0.843681855902147
396,-0.526511711471148,1.43451321583859,-2.49719584208617,-0.24637561242288,-0.865651580417732,-2.58233513182505,0.0137205946858488,0.0346485896130426,0.816187620941525,-0.260504163522254,0.366249899193137,0.893307669355071,0.0671025743462323,0.0167885953674126,0.799896983965505,-0.260504163522254,0.366249899193137,0.893307669355071
397,0.264470290883538,1.88449719151043,-0.768782469828823,-0.80158299707131,0.496864626140229,1.2053055791128,0.301231143744461,0.0148279618769427,0.00343254499309129,0.253349739056888,-0.286196217978337,-0.92407014589516,0.336125210415504,0.0160549447758663,0.0504952544786549,0.253349739056888,-0.286196217978337,-0.92407014589516
398,2.25305598073593,0.487842204208059,-0.452041662982045,0.223759349355517,-0.83414783035058,2.65830187503673,-0.0607518636519373,0.122376404777416,0.460831404163546,-0.272057746085196,0.59554473030091,0.755851213537334,-0.0599688911734904,0.136225006838459,0.403896325564734,-0.272057746085196,0.59554473030091,0.755851213537334
399,1.60205881185296,0.333106842593285,-1.88718448381952,-0.298004158288053,0.278472051385962,2.36877068902331,0.0221974873184162,-0.260099202324536,0.678202252216737,0.0745880708048084,0.19679269283856,0.977603833737862,0.0597493351526901,-0.243829043442388,0.636260141466547,0.0745880708048084,0.19679269283856,0.977603833737862
400,1.7510509777003,0.56031521927402,-2.07523956071638,0.398772169945314,0.60396409601753,-1.43102414545451,-0.0139733608098294,-0.165553508533657,0.708232556004718,-0.306094452557794,0.449681014488368,0.839102598805448,-0.0392472996237221,-0.211374829724212,0.681857671337983,-0.306094452557794,0.449681014488368,0.839102598805448
401,-0.615193404703447,1.12094140786685,-1.45435576064511,-1.08549173807326,0.539350697471976,-2.27222880086409,0.188170586114863,-0.238413581431506,0.537339722638311,0.457360850078588,-0.879474801285684,0.131700898701935,0.17157159143703,-0.21489266704946,0.486298171306894,0.457360850078588,-0.879474801285684,0.131700898701935
402,1.83910558171993,0.388998115475701,-0.665160068477046,1.14980002261753,-0.107873272886003,0.595298413230708,-0.0219881414733091,0.148587733372961,0.443380212966248,-0.147447687909987,0.906976374061083,0.39452887882259,0.0278666437299631,0.128108837263128,0.420377708614367,-0.147447687909987,0.906976374061083,0.39452887882259
403,-0.685795380350556,2.30220375966726,-1.13140020741615,0.367913092043258,0.753602753511587,-0.243104366744458,0.267051167124545,-0.156082059205372,-0.0763433275447531,-0.0165343157261324,0.331541260920261,-0.943295822481406,0.302057647114277,-0.197678030351354,-0.0544727641512061,-0.0165343157261324,0.331541260920261,-0.943295822481406
404,1.80385824127341,1.55183630812428,-1.05030462041945,0.204995647852668,0.486767285638294,0.264343516503726,-0.107077809217095,0.366348718289392,0.178502954287171,-0.236929772977047,0.585847743219949,-0.775014002738749,-0.0870495604311079,0.383803629089135,0.230735083666889,-0.236929772977047,0.585847743219949,-0.775014002738749
405,0.275235606796338,0.560620997676124,-0.528953877600643,0.742775639920235,-0.181434201662532,-1.28203928755529,0.208490599117705,0.0357411658031255,0.370737311600175,0.971164157421917,0.147444092312542,0.187351058126474,0.163432270225834,0.0526883247044464,0.404151991048666,0.971164157421917,0.147444092312542,0.187351058126474
406,-0.873172005797824,1.80087300867058,-0.888870680453889,1.19988991083174,-0.634954236944525,0.0381601510831686,0.185734316832928,-0.385146086304685,0.139173754384708,0.0288028400404448,-0.894907757212906,-0.445320673768659,0.150751482155347,-0.369162616391256,0.18338608261392,0.0288028400404448,-0.894907757212906,-0.445320673768659
407,-0.353195609825238,0.83439242939896,-0.723413814798484,0.96260870757569,-0.250607755791712,-1.02835668708599,0.237986437387353,-0.128303661247295,0.39225685829316,0.841458731832808,-0.527127024178861,0.11867730618219,0.205209044522719,-0.104673684042913,0.43469819067467,0.841458731832808,-0.527127024178861,0.11867730618219
408,-0.0898883188668642,0.944057723634299,-2.17854879215265,-0.344902539433368,-0.471138519327467,-1.45227776783864,-0.135901256341707,0.0430226718605715,0.802899538724158,-0.17978685379005,0.17030271266819,0.96885172924557,-0.115401979915945,0.0815623626927579,0.763803862536379,-0.17978685379005,0.17030271266819,0.96885172924557
409,0.671609630199716,2.86126647762386,-2.10985777021387,1.3504229772496,0.150954014591418,-1.73224489817135,0.481133612221107,0.4186337465166,-0.0836427962242325,0.502247771580279,0.586668723888104,-0.635269221947789,0.473064330232447,0.427923211797718,-0.0263488827344176,0.502247771580279,0.586668723888104,-0.635269221947789
410,0.96245322971511,1.9983635460339,-1.7565365878757,0.0711248481625928,-1.04361948858189,-2.70011344711983,0.302902560180735,0.41686285188015,0.500252629669297,0.410344790558187,0.48173020384497,0.774308183842352,0.289843754301255,0.439581139746365,0.447837488865996,0.410344790558187,0.48173020384497,0.774308183842352
411,1.40676607753907,0.461677442988593,-0.890208660218681,0.906924715219486,0.640120696512928,1.18391900845932,-0.0676971745463124,0.146591513173757,0.433216651170212,-0.320544974010564,0.944226373501091,0.075415351365256,-0.0154071827983877,0.128842061763479,0.413602530296817,-0.320544974010564,0.944226373501091,0.075415351365256
412,-1.29761951541468,2.93077014225574,-2.14800022350524,1.45444005634752,1.003484200388,-1.83681675501508,0.304653949719697,-0.493742707814408,-0.0685885251224936,0.900958809739177,-0.110861702277561,-0.419503165806276,0.290034662020587,-0.506274963107264,-0.0132421701888097,0.900958809739177,-0.110861702277561,-0.419503165806276
413,-2.10027043334648,0.914957078305685,-1.23682063328084,0.907454936661367,0.227855700709705,-1.0394242962665,-0.0971745536064993,-0.235084163510586,0.535852816013858,-0.325754337564532,-0.909029333352172,0.259903410256963,-0.073224589202903,-0.195030816717269,0.571294720812002,-0.325754337564532,-0.909029333352172,0.259903410256963
414,-0.314069396415697,2.5386936926389,-1.04233803993016,-0.750045550687913,0.0319175901308431,2.19523965366996,0.319854066423742,-0.10717788399597,-0.17308955625306,0.124387276896203,-0.0632780302169272,-0.990213964877396,0.306499776950503,-0.15105754243332,-0.136617121071318,0.124387276896203,-0.0632780302169272,-0.990213964877396
415,-1.53484781359419,2.47451308599518,-2.12234295198283,-1.32806331338925,-1.02923268569363,-2.76848604524183,0.180426841599634,-0.587180872590025,0.24230681991688,0.85106023003929,-0.52117789696101,0.0637972143966296,0.133962679763025,-0.599979813209395,0.208971121576464,0.85106023003929,-0.52117789696101,0.0637972143966296
416,2.20279658249059,2.66659409933117,-2.44154870820712,0.561274374109899,1.04666043091529,-1.58105587661912,-0.421871715721931,0.425175114324534,0.0634369808450326,-0.605182785258697,0.0465160804565766,-0.794726399892117,-0.434665198591657,0.402382930851483,0.115885461934506,-0.605182785258697,0.0465160804565766,-0.794726399892117
417,-1.96008225402255,1.1711523109999,-0.782494464537728,0.336830786809183,-0.106789701931839,2.33316620322135,-0.137555875559892,-0.321112120918842,0.304385591852552,-0.404282818478398,-0.892698044619878,-0.199112038347786,-0.139773602267938,-0.273345420658517,0.270511943768995,-0.404282818478398,-0.892698044619878,-0.199112038347786
418,-2.34122745766567,1.5984853054237,-2.21150000896104,0.0153335037432412,0.149799512124976,0.803546097551907,-0.261166030348867,-0.271764117800869,0.684007225139738,-0.591917660104816,-0.613193219417967,0.523094216480997,-0.253427877018501,-0.214393927917963,0.693105702805539,-0.591917660104816,-0.613193219417967,0.523094216480997
419,-1.38104505353617,1.11836890658083,-1.76727172988214,0.379108117798552,0.200252659318101,1.06214702622395,0.0594235688535809,-0.227868072042998,0.675181189270509,0.232680225666649,-0.821178651482574,0.521081121259424,0.00559764075438213,-0.20747555050554,0.664185074974805,0.232680225666649,-0.821178651482574,0.521081121259424
420,-1.57187848003669,2.00019484081188,-0.696435801765999,-0.3437208139029,-0.22780389933146,1.08586352299694,0.0154838638952114,-0.354002286492654,-0.0192603550913329,0.0755213451463116,-0.537459579596594,-0.839901021982438,-0.019148897319668,-0.36542883120185,0.0266090892768072,0.0755213451463116,-0.537459579596594,-0.839901021982438
421,-1.236189773928,2.83854254338251,-2.23263831624882,0.0379734621609673,-1.00701805663495,-1.06026100037236,0.217719413502814,-0.640574533566285,0.164567897821998,0.25959926412002,-0.844378918729636,0.468649617169709,0.243611481451646,-0.588264680908143,0.169790936421942,0.25959926412002,-0.844378918729636,0.468649617169709
422,-0.839890747164632,2.83695881465207,-2.05887062757158,-0.0351440019910085,-0.12149310683434,1.81343496301794,0.433714762533761,-0.48042898172715,-0.0651872786226504,0.565376515671263,-0.624240206980112,-0.539141502313492,0.376305558798705,-0.485511254022621,-0.0545875694369467,0.565376515671263,-0.624240206980112,-0.539141502313492
423,-2.27382623382406,2.38534445109082,-1.24948997991163,-1.49883691402365,0.0304155765861562,-0.307333562539095,-0.304178865015771,-0.350109913366907,-0.0760520834053284,-0.344244336966211,-0.359266339412963,-0.86742350315835,-0.251575712141696,-0.360341718670391,-0.0523409369138946,-0.344244336966211,-0.359266339412963,-0.86742350315835
424,-0.0406919039758096,2.02184769083458,-1.33546481633466,0.797556571471624,0.974693816887698,1.69178548329199,0.400131478608672,0.097904394378726,0.0916482098480344,0.161673827866981,0.586130386170872,-0.793922378945211,0.369299116044162,0.0480815278887017,0.0926716322475324,0.161673827866981,0.586130386170872,-0.793922378945211
425,1.43368304510448,1.84071265888709,-1.77330909506295,0.818952099297213,-0.0516679528335438,0.0881181196113068,0.0805548826412752,0.538162067418577,0.427169260485446,0.173753333280672,0.983247257974225,0.0550872840138598,0.110693846546697,0.495730964215635,0.454099621338746,0.173753333280672,0.983247257974225,0.0550872840138598
426,-0.0938020074578692,1.35527159126497,-2.13490252830929,-0.723636561964361,0.829366056011862,2.11303116470027,0.267754618856164,-0.117802771808319,0.640947417522074,0.808896379413859,-0.566569971231177,0.15711497404848,0.213161147464584,-0.136696374512144,0.63111966812118,0.808896379413859,-0.566569971231177,0.15711497404848
427,-0.0490716289853812,1.87035188760806,-0.82010759180494,-1.18705851109221,0.182385554615459,-1.72385968360835,0.365920390925038,-0.0496053286060668,0.0298386363281575,0.496978699842416,-0.192802146457574,-0.846072989891708,0.310838256284024,-0.0301369775300423,0.0344148519884777,0.496978699842416,-0.192802146457574,-0.846072989891708
428,-2.05772733602945,0.337586122659571,-0.280812922690519,0.0665600166498241,-0.768345230576773,0.828539529512025,-0.0651095931045882,-0.107129886001112,0.410307036646155,-0.367265969065724,-0.594893242392685,0.714994921745415,-0.0735226634870358,-0.0493717118368984,0.405090374499112,-0.367265969065724,-0.594893242392685,0.714994921745415
429,0.394815043820627,1.03965523687524,-0.930654507460977,-0.339467441553478,-0.615943386637544,-1.4648809542659,0.253427945141289,0.146854611857982,0.498752479752374,0.690201917561546,0.496011464872219,0.526871843724524,0.208916032756176,0.17021780020553,0.468638511464267,0.690201917561546,0.496011464872219,0.526871843724524
430,-0.535442468618376,0.251674544135736,-1.72054979936534,0.171613749141908,0.12833432676758,-2.44836300337163,-0.220061421210575,0.137034081413272,0.661546027816911,0.132112759965109,-0.0529540377965837,0.989819220128322,-0.18055119685145,0.154232600654173,0.621832640816908,0.132112759965109,-0.0529540377965837,0.989819220128322
431,0.386132864589618,1.50177388886778,-0.955434795670341,0.943435387177575,-0.680698931333414,2.60844636856698,0.414732317963245,0.0644522540833665,0.31499005955941,0.988904216951618,-0.147967604013079,-0.0131923408815616,0.381447043256873,0.0825235079659572,0.270274063866232,0.988904216951618,-0.147967604013079,-0.0131923408815616
432,0.165223073863677,2.74142648558984,-0.994929900595473,-1.14271928083917,-0.983408322114737,-2.74093300284551,0.29888505858059,0.19706688778296,-0.155849183437608,0.166665672997393,0.795522413004529,-0.582551837909535,0.266081674379948,0.150320178419047,-0.168990079473683,0.166665672997393,0.795522413004529,-0.582551837909535
433,-1.43086096465823,1.64831491774414,-2.20370589242258,-1.40763432309707,0.120426548243943,2.72020995549826,0.0326241943019442,-0.392300665169753,0.680919958903982,-0.00490867522014659,-0.815071260102265,0.579339922552286,-0.0134807745069238,-0.358831415491122,0.667203502470822,-0.00490867522014659,-0.815071260102265,0.579339922552286
434,-1.58873322835958,0.599546413022867,-2.16487229983984,-1.38997265962507,0.479608012134913,-0.303708571134036,-0.0818146668129178,0.258475391439601,0.725141372141398,-0.454016664654068,-0.00209928624190144,0.890990718926786,-0.0243516676384972,0.252843590646158,0.715127055105099,-0.454016664654068,-0.00209928624190144,0.890990718926786
435,0.0476859709534159,1.86713581098398,-0.418670687177509,-1.24677128775601,-0.460599454340776,-2.47364274113557,0.240546616113564,0.0924985170128049,-0.0168672642935745,0.304328743112087,0.436351243236818,-0.846747665270771,0.197111656487566,0.0535712882356802,-0.0112037722593802,0.304328743112087,0.436351243236818,-0.846747665270771
436,-1.6798146335408,0.34907010240525,-2.11288922654793,0.885990462427174,0.873298949213661,0.103271809908736,0.145504814058986,0.278976508397509,0.625071929548416,0.558770231751418,-0.351090764388383,0.751339539269463,0.102454224900973,0.31854006220299,0.628992641655767,0.558770231751418,-0.351090764388383,0.751339539269463
437,1.62404356221981,0.803466083935943,-1.52236010050153,-0.434323127556942,0.430521024455301,2.51163961742244,0.0239983088995458,0.155805494531015,0.618002943414114,0.127345837030969,0.910387625028694,0.393671703308096,0.0589544769842056,0.129259352365576,0.579178097645337,0.127345837030969,0.910387625028694,0.393671703308096
438,-1.32943283306268,2.28498873000935,-1.30034600829029,0.857621729886599,0.83638942861252,-1.48377337450578,0.198030223441341,-0.352056426126801,-0.0210675784598298,0.554234364348516,0.0969325979714368,-0.826697248589655,0.213769426726594,-0.378696243518414,0.0286978473826868,0.554234364348516,0.0969325979714368,-0.826697248589655
439,2.07201225405278,0.233731588637742,-1.19918646568507,1.28755545900974,-0.731287400495198,-0.422527847554951,0.167548474595576,-0.0517503950248855,0.587193451711555,0.463150369643291,0.489155318257235,0.739066174114298,0.191739960047752,-0.0900656479902518,0.550035499375384,0.463150369643291,0.489155318257235,0.739066174114298
440,-0.815734768288619,1.76101205739362,-0.554804076458854,-0.357191028157816,0.2664863401008,2.62903877729919,0.15859977926077,-0.192254562357883,-0.00651163101296914,0.0694919836953247,-0.208195089859546,-0.975615533271414,0.109296693039009,-0.186831387899431,0.0246940554528461,0.0694919836953247,-0.208195089859546,-0.975615533271414
441,1.50585389997084,2.08155689090237,-1.76099830398639,-1.53439897301239,-0.834065019379149,-1.2224513414157,-0.106180193969961,0.546484369555591,0.29372533017979,-0.695784301067578,0.706548617749679,-0.12912496715942,-0.0955876995838643,0.500927053143798,0.258421931136124,-0.695784301067578,0.706548617749679,-0.12912496715942
442,1.59390320871924,2.70422262884394,-1.46999310227218,1.61099744891947,-1.02379982134363,2.03161377268363,0.153119905760872,0.432036747683075,-0.0951003315271121,0.848958948644579,0.202272575736774,-0.488215637419677,0.111563110935865,0.394072757652035,-0.111402732110932,0.848958948644579,0.202272575736774,-0.488215637419677
443,-0.263347595664606,1.40353048233253,-1.76914979631949,1.36651988170583,-0.0119543274505207,1.18826180115873,0.354699434312048,-0.0976496432780116,0.622122528935399,0.864057115205162,-0.245088506055224,0.4397009504913,0.334035242223554,-0.118606344750146,0.571448987232281,0.864057115205162,-0.245088506055224,0.4397009504913
444,0.775855929956527,2.5076142852012,-1.93582080875382,0.887850569394146,-0.19639418186197,-2.51142809028547,0.487072643809164,0.438607264433057,0.105020108048796,0.766468256353543,0.539914777937177,-0.347877053809833,0.431782635336136,0.456742454396258,0.111957675926024,0.766468256353543,0.539914777937177,-0.347877053809833
445,1.74664672338145,2.90472068390319,-2.27821368012386,0.0274129786111101,0.561223214196957,-2.20435542622775,-0.108304574445221,0.585538037661939,-0.118466631135941,-0.0936584860779489,0.443725812883831,-0.891255008943103,-0.13869752215122,0.539378829156405,-0.0989834024537382,-0.0936584860779489,0.443725812883831,-0.891255008943103
446,-2.19662147646028,1.40354202974403,-2.24712635675058,1.55515624682775,0.966576555210247,2.44799224594823,0.0226294833281247,-0.237031998953758,0.708084974444488,0.462119698905659,-0.765328229361481,0.448015719842244,0.0188497070218216,-0.227341652186061,0.650415134227992,0.462119698905659,-0.765328229361481,0.448015719842244
447,2.27966247454467,2.11551917973146,-0.857031256122866,-0.424360939374809,-0.957223353531266,-0.319610676287178,-0.350965880263539,0.308512857032652,0.0820240396251922,-0.848169494656129,0.471931392669053,-0.240601888912399,-0.340681852685687,0.277696973038468,0.130795138346001,-0.848169494656129,0.471931392669053,-0.240601888912399
448,1.78523375434795,0.503711488679758,-0.587424394108205,1.57494811285886,-0.59018997466911,2.33278554980351,0.0687395480561673,0.183910527939981,0.3773251908127,0.369471913867113,0.918774802277614,0.139080435587125,0.0243164631486797,0.169007676750512,0.34213293948195,0.369471913867113,0.918774802277614,0.139080435587125
449,0.831115443246995,2.20603647701764,-0.897532963324706,0.978460271964551,0.0650608554799386,1.43922026775598,0.232976202534606,0.271767158393051,-0.074883511024171,0.167528110344928,0.26360652816139,-0.949971541971104,0.227886520647391,0.217223372219014,-0.0540731643646873,0.167528110344928,0.26360652816139,-0.949971541971104
450,0.0167487711680723,2.7202959938814,-2.26211087276616,1.16149787811086,-0.713599568705931,1.49306611586034,0.667100107717736,-0.102977773522531,0.137593094119875,0.808959144145824,-0.587033035374795,-0.0312620933641684,0.621732791238154,-0.103899517555041,0.10051268172492,0.808959144145824,-0.587033035374795,-0.0312620933641684
451,-0.191642157396795,1.86973596599403,-1.67851685389067,-0.323345937456272,0.505243936028995,2.57238518534257,0.504881747463274,-0.126516074192422,0.276411786103409,0.778342560520659,-0.307681699143477,-0.547279481155951,0.44973173964708,-0.146011627363788,0.272890416424407,0.778342560520659,-0.307681699143477,-0.547279481155951
452,-1.28853231137271,0.443179505397187,-0.551716612498082,-0.24906777225502,0.498703160657525,2.46850013268899,0.0297262241968368,-0.178421189705671,0.286349062144801,0.151813232093644,-0.946779558755082,-0.283833066581072,-0.0139988865935589,-0.143344471921952,0.269268706296959,0.151813232093644,-0.946779558755082,-0.283833066581072
453,-0.958820594920847,1.03927764709207,-1.22787206822385,0.173393176298505,0.308319408910442,0.54626085229628,0.185642817256291,-0.244665658474138,0.46633784636263,0.616321242339491,-0.786993578791325,-0.0280932942591143,0.14048044852212,-0.236864341128964,0.502854964239027,0.616321242339491,-0.786993578791325,-0.0280932942591143
454,-1.59668063388244,1.33800927242897,-1.66634181186489,-1.3841193641789,-0.579067909677715,2.79400847683517,0.0945999600472083,-0.324606194628611,0.607921831194527,0.518793632262897,-0.738411577037103,0.430814937091379,0.0366613209420526,-0.316281995794789,0.610718581526166,0.518793632262897,-0.738411577037103,0.430814937091379
455,1.92880351499739,2.39176370203052,-2.23410949182214,0.16599851704127,-0.979770988147104,0.997880360306044,-0.185591158225481,0.566872718872727,0.448316310202037,-0.0864494832713915,0.622627752936245,0.777728209669465,-0.136675148724509,0.540278581452648,0.43004130351578,-0.0864494832713915,0.622627752936245,0.777728209669465
456,1.51871504646738,2.73262233997824,-2.20483918767264,-0.643486874542419,0.614598444839003,-0.0721849672348025,0.0966726737798834,0.606807557857489,-0.0246330159303584,0.373736042728899,0.523534091315428,-0.765658818009609,0.0598439140796397,0.626420295159174,0.0165128586438539,0.373736042728899,0.523534091315428,-0.765658818009609
457,-0.200632731045985,2.22894134053241,-1.20713388290669,1.62866611017604,-0.243096467698207,2.15727330519514,0.45337093944951,-0.139128325747172,-0.00869570464875347,0.506271003971705,-0.348196571888252,-0.788954255874668,0.415119143150325,-0.0947351964972103,-0.0084717508994124,0.506271003971705,-0.348196571888252,-0.788954255874668
458,1.8532434972465,1.24783553362175,-0.796166013803271,1.36075357821022,0.887463055379162,-2.36563135372314,-0.217864689705528,0.229914443799883,0.261670589382355,-0.876727516445968,0.299832955126909,-0.376097142938297,-0.209650478209383,0.19789980812069,0.310060565945949,-0.876727516445968,0.299832955126909,-0.376097142938297
459,-2.19908124287922,1.77462909286721,-2.53959985522773,-0.994792301164348,-1.05258640796839,1.65191715424956,-0.0215141463177871,-0.267675789851405,0.728048945591403,0.607096736988909,-0.403871511844284,0.684340086402975,-0.0490382440356219,-0.216075937252849,0.731774433026142,0.607096736988909,-0.403871511844284,0.684340086402975
460,-1.45693547551177,2.84758552333923,-0.692579748152327,1.04393288267026,-0.162393967268439,-1.12916696944225,-0.0139556543949254,-0.106658114897957,-0.226891469157555,-0.184183885636624,0.380555094767055,-0.90623071903276,0.00153217375631942,-0.16181769558857,-0.214580992432697,-0.184183885636624,0.380555094767055,-0.90623071903276
461,-0.0540017012971297,0.341633761111628,-1.45291992913279,0.31510316946624,-0.856256709686146,-0.882931359705636,-0.271462216801584,-0.0287527021532138,0.65328614277207,-0.442684074984385,-0.210509519535859,0.871617204935745,-0.290377761445629,0.00898161560079704,0.612637361308679,-0.442684074984385,-0.210509519535859,0.871617204935745
462,-1.11181939906128,1.79658964048838,-1.50532522508387,-0.279965630720282,-0.978948239396155,-1.35820036461218,0.251646118359185,-0.407290285650437,0.49088956663655,0.519223467209341,-0.533061776146828,0.668021057984177,0.270194685904499,-0.359829385535741,0.461951467142634,0.519223467209341,-0.533061776146828,0.668021057984177
463,-1.20553539915089,2.16090270695908,-0.962921617166693,-1.2557876079587,-0.814234783239371,-2.38532136016766,0.269585706031789,-0.334008553487898,0.028753033191562,0.826772918738746,-0.226263687757972,-0.515025518243881,0.220942461557179,-0.309050971137162,0.0076591039656082,0.826772918738746,-0.226263687757972,-0.515025518243881
464,1.10854539535245,1.72867988414815,-0.536880811903236,-1.29884396364858,-0.534590966154373,-2.52009101829253,0.0501465892005667,0.311678259441648,0.0487617248463829,-0.212230127117931,0.674494236070941,-0.707118023140823,0.0692262771417367,0.256920809355667,0.040300804793055,-0.212230127117931,0.674494236070941,-0.707118023140823
465,0.737744606660061,0.941035779846192,-0.840878024018904,-1.21913748885442,0.0526980134614026,-2.56662907438501,0.226447351672177,0.19372561747085,0.380590591994673,0.771991669500106,0.634874153119038,-0.0310430656318478,0.21648150723856,0.148932749803354,0.344145003086725,0.771991669500106,0.634874153119038,-0.0310430656318478
466,-1.8788070759959,1.48221056393924,-0.837198084501869,0.334199913383298,-0.64800232036034,0.671381449015643,-0.160577011015176,-0.384414093012633,0.306140349447479,-0.485244240248716,-0.872193129320869,0.0617832701539555,-0.176279308235825,-0.333780376086894,0.33111362661085,-0.485244240248716,-0.872193129320869,0.0617832701539555
467,0.93847499399755,1.04670582146969,-0.608686519811541,-1.06175323347227,-0.568092637843552,0.535413784023343,0.10080710310368,0.290581463783616,0.307924569507912,0.142132368948508,0.988894765731021,-0.043422713029887,0.0768122002500125,0.260580254528375,0.352175807685689,0.142132368948508,0.988894765731021,-0.043422713029887
468,1.73526078601892,2.47055682378084,-1.12983878569209,-1.64125561482581,0.976192367412614,1.65307944693917,0.093303775226551,0.4024173513249,-0.0531563664827469,0.777484508731874,0.362365583336798,-0.514012667835082,0.0578403054240556,0.432499003229072,-0.0174991578387191,0.777484508731874,0.362365583336798,-0.514012667835082
469,-0.474404709927593,2.62536828175198,-0.925187798151595,-0.8495751779039,-0.728095386199074,2.04107737734877,0.354482569012876,-0.0736839392826224,-0.159398091019358,0.590842495182626,0.258380270800869,-0.764293648768089,0.333816120568244,-0.127254825256042,-0.147690910115817,0.590842495182626,0.258380270800869,-0.764293648768089
470,-0.81693694008627,1.07587868725787,-1.59080905557563,0.868937778409797,-0.737707138612641,1.06421704927354,0.0343235195041229,-0.178549539868288,0.695660113089605,-0.12540667131547,-0.616825547348431,0.777045308156404,0.00926478872097158,-0.183188123025811,0.64289133863133,-0.12540667131547,-0.616825547348431,0.777045308156404
471,0.675365234042808,2.47814506381176,-1.64330303600944,-1.27979638104577,0.789425270523972,1.20491091701908,0.479951798651904,0.218532319846117,-0.000325208839267337,0.720172057125331,-0.294520877942493,-0.62817964038311,0.486471517862479,0.252654472601059,0.0468677138587781,0.720172057125331,-0.294520877942493,-0.62817964038311
472,1.18505281561389,0.783186491558031,-1.55130136862299,0.959184772657586,-0.219683745368835,-2.57104252628753,0.0573600161808064,0.052844556783246,0.704269429379245,0.370635083920588,0.438497448389107,0.818748815158484,0.00411965913494167,0.0610796027773019,0.6812119273657,0.370635083920588,0.438497448389107,0.818748815158484
473,-1.40879393177373,0.278130374975857,-1.01070916109102,-0.818600769244869,-0.175934846185064,-1.85478157849711,0.0254684875431908,0.00152180147564321,0.579141972057987,0.220392474401003,-0.556133869627936,0.801337804100156,0.0440164517529979,-0.00727944758803213,0.524255625499021,0.220392474401003,-0.556133869627936,0.801337804100156
474,1.81170982412763,1.12070587571955,-2.0642535245828,0.974067728966201,-1.04426391662473,-2.60116601615962,0.136331305537986,0.0142465626112739,0.747850244473679,0.732259665385919,0.016861755975183,0.68081676215729,0.0787267845134775,0.0166331448822979,0.758339447617893,0.732259665385919,0.016861755975183,0.68081676215729
475,0.140517340038647,2.7946952419653,-1.10039448200634,0.333640376999339,0.315930215036899,2.38475161720999,0.222039932469415,0.0523840906632722,-0.238398687924665,-0.338847055594067,0.0548369765500813,-0.939242023611634,0.19623897438358,0.0250846742128288,-0.19342033287117,-0.338847055594067,0.0548369765500813,-0.939242023611634
476,-1.32297219699561,2.65773979143049,-2.44364439982131,1.02898225033298,-1.02642842415215,-0.480179966603595,0.018261259183476,-0.639911882028932,0.291855995208115,-0.570841366739512,-0.731903848216563,0.372097958855935,0.0234104894660397,-0.585439838126016,0.312838889682803,-0.570841366739512,-0.731903848216563,0.372097958855935
477,0.446106684808879,0.713143462362431,-0.629797800303428,-0.953045254916112,-0.714987913355532,0.643433736514256,0.135064045026539,0.178657072396397,0.425150278424737,0.449279570058825,0.807288776032594,0.3826652584434,0.0940214623814512,0.145846659822411,0.451092198873037,0.449279570058825,0.807288776032594,0.3826652584434
478,2.07843440924456,2.02658253876653,-2.04052717396096,1.36385372591613,-0.263087936981884,-2.62828012551401,-0.239801269133945,0.530505110374314,0.442359339917753,-0.241934531427033,0.958516184475731,0.150712994135442,-0.273728539975161,0.483824495943168,0.452550538551741,-0.241934531427033,0.958516184475731,0.150712994135442
479,-1.75837497745083,0.763575373861241,-0.555210710812748,-0.370603143999229,-0.399506269869304,-1.34642771839807,-0.0188068407458693,-0.250447856716965,0.378352438920159,-0.0403058211592162,-0.967770090714399,0.248589002772298,0.0289180658537321,-0.220320619796675,0.362582756437369,-0.0403058211592162,-0.967770090714399,0.248589002772298
480,-0.958860383016993,1.36703115009989,-2.09512214839624,0.222516574489006,0.346233911681606,1.04889499586246,0.182669077534427,-0.232978463698931,0.691797836271658,0.57019919568403,-0.682106780958529,0.457824438635247,0.124105433671241,-0.231737370632031,0.690136720542625,0.57019919568403,-0.682106780958529,0.457824438635247
481,-0.689233780820847,2.86089002729412,-1.97052335142514,0.818700800615859,-0.241060339354683,1.94856448550754,0.459736093902238,-0.420745895399194,-0.102295778027687,0.50013851121847,-0.638049076604813,-0.585452684202506,0.409186747730062,-0.3939266429297,-0.114924764469321,0.50013851121847,-0.638049076604813,-0.585452684202506
482,-0.603262691726121,2.15669451781564,-1.72314090404951,1.2437159131643,0.550159305521457,-0.370628012186696,0.520647628384943,-0.243311718536047,0.194792067154498,0.894242233588327,-0.0148576931317038,-0.447336647975287,0.49798934538806,-0.285047718429422,0.229124391930624,0.894242233588327,-0.0148576931317038,-0.447336647975287
483,-0.468126526932473,1.2109223621613,-1.48624855807109,-0.394698306063842,-0.938323476520129,-0.337533079243692,0.213829107161571,-0.0402681555894795,0.680527950205988,0.397528762903441,0.146550107428595,0.905811210284531,0.17533581671426,-0.00557325841153245,0.653168661100629,0.397528762903441,0.146550107428595,0.905811210284531
484,0.501996763523536,1.01832004080154,-1.57510361188471,-1.31570346856231,-0.0507712089552905,-1.17329674792478,0.183654419841445,0.111914947641773,0.663000147989542,0.669754870221496,0.423639894242021,0.609883311643462,0.165501577052139,0.13252173446311,0.611233028738354,0.669754870221496,0.423639894242021,0.609883311643462
485,-2.27947009430992,2.65635880776662,-2.05166296716097,0.605585437674749,-0.758958896329546,2.68083331178324,-0.490247623305444,-0.458718963055681,0.150997762000083,-0.889956726006399,-0.436275619527837,0.132817956773822,-0.463414904547074,-0.448800209095312,0.099854595067365,-0.889956726006399,-0.436275619527837,0.132817956773822
486,0.0125460596502744,2.67611955523468,-0.798738193890103,-0.00930040007732935,0.235442483455468,-0.851819634531002,0.149271651818216,0.00287317483394372,-0.196498449547381,-0.439194204001752,-0.00767455386580407,-0.898359367065446,0.19168074324764,0.0391285067879489,-0.17858142219808,-0.439194204001752,-0.00767455386580407,-0.898359367065446
487,0.123533496562479,2.409082310805,-1.89785641940617,-0.683646570737253,-0.33345845939123,2.12499865291882,0.641751067313267,0.120575590613589,0.17728153738087,0.932813527206217,0.324144538185954,-0.157445996536311,0.62497016155581,0.0651031935894334,0.185954159265499,0.932813527206217,0.324144538185954,-0.157445996536311
488,-1.91644283687034,0.741078829933352,-1.82726284453088,-0.489619751425684,0.497937513416072,2.1835104431641,-0.0482435494490395,-0.0110418201636551,0.698674961218525,-0.458204855346287,-0.609461976679245,0.646996452478153,-0.0738450695516031,0.0277768030566388,0.663014385512027,-0.458204855346287,-0.609461976679245,0.646996452478153
489,-2.11150302035567,0.37900824649107,-2.52698799586462,-1.01124159380327,-1.04026874171889,-0.176535412855806,0.404615835521611,0.401205621999496,0.461364888004779,0.972852678792498,0.200231248230824,0.116039271792731,0.380867113747836,0.364297516774595,0.422534616529814,0.972852678792498,0.200231248230824,0.116039271792731
490,-1.20928374774218,2.75668506318328,-0.82460700909801,-0.0374418261005902,-0.926548930475519,0.169933651477289,0.127893623517307,-0.318071483457015,-0.196211083913355,0.24255587360603,-0.556849769635076,-0.794408573869,0.126061234152479,-0.335700495541422,-0.140355374427721,0.24255587360603,-0.556849769635076,-0.794408573869
491,0.782495757523451,1.87439585633721,-1.54377268507491,-1.28343368161853,0.695285311959573,-1.41693051628767,0.43313146935064,0.265723747022166,0.275619923616068,0.930602552741962,0.0589137097639548,-0.361258997994503,0.383371638458482,0.272614582551395,0.245445835141138,0.930602552741962,0.0589137097639548,-0.361258997994503
492,0.0432522876330781,2.42947893160725,-1.32463956654991,-0.650616468963972,0.794790860679585,-2.50160731403332,0.364345932566258,-0.0657497240855435,-0.0865126286473177,-0.0963960587836263,-0.436857342470928,-0.894350860781284,0.321010531442106,-0.0461344137650183,-0.0522886223003345,-0.0963960587836263,-0.436857342470928,-0.894350860781284
493,1.08741847751867,2.70288601422088,-1.43577753055037,-0.10102537232656,-0.760224169119477,2.61006488617163,0.246571260219318,0.501319893074749,-0.0841329766898671,0.361407308766332,0.838028867643567,-0.408769341030267,0.250953557105268,0.447070453117579,-0.105853790172258,0.361407308766332,0.838028867643567,-0.408769341030267
494,1.77306253652193,1.53786633821418,-1.57405313109958,-1.23140194782027,0.934233917046387,-2.79445549693086,0.0641469074255553,0.405800976934135,0.421975713970746,0.617692343055143,0.762497628502665,-0.19249295015366,0.0680771085753732,0.351342979865039,0.400694734807552,0.617692343055143,0.762497628502665,-0.19249295015366
495,-1.477863274481,1.07279647393792,-2.44033204983454,-1.1721752593613,0.503695280327152,-0.100155677540762,-0.08839025415111,0.0387990943441449,0.799330210288093,-0.41622495043288,-0.327506691302818,0.848231193595843,-0.0352470963736556,0.0627708688682166,0.793400724002786,-0.41622495043288,-0.327506691302818,0.848231193595843
496,-0.763103678496115,0.826103673056512,-1.46776973836718,-1.03725681661198,-0.38593643457832,-1.33403318023068,0.122609843649419,-0.0306043074943625,0.678625524930534,0.63127281706657,-0.155263022006125,0.759860529591031,0.136852114865417,-0.0156013960010831,0.623797882656451,0.63127281706657,-0.155263022006125,0.759860529591031
497,1.5554556733668,2.12491349183415,-1.75255468366708,0.264574664975147,-0.46590730452164,-1.33403782491297,0.0303922697742889,0.60721535289312,0.3314402933735,0.13248549136095,0.977386359798809,0.164813525713398,-0.0157438159434617,0.574925558815625,0.347652350401446,0.13248549136095,0.977386359798809,0.164813525713398
498,-1.13144127651543,2.07042818053453,-1.30037501708593,-1.39569688482837,-0.975363819944146,-1.36366753850685,0.340677231369174,-0.35821021627225,0.169688857570327,0.961607071832265,-0.129394931018158,-0.242009899030979,0.304560842665619,-0.317059252574865,0.148803344557949,0.961607071832265,-0.129394931018158,-0.242009899030979
499,-0.2830860315144,0.960401042946704,-0.914576797875695,1.48253351640443,0.601605376135319,0.769457676866025,0.28771987616373,0.0285735548537671,0.40260228217905,0.950392813299215,0.310655753289555,-0.015700426022981,0.26543514021772,-0.0173685393041538,0.373849638331895,0.950392813299215,0.310655753289555,-0.015700426022981
500,1.19497732015899,2.26750372397917,-1.1396765807244,0.900430572629679,-0.236095784838498,0.595099753000421,0.203742838704956,0.423367632189124,-0.0287465209246972,0.396985773489973,0.506719694589299,-0.765269525567232,0.231873971099986,0.386756026775638,0.0073398995021132,0.396985773489973,0.506719694589299,-0.765269525567232
501,-1.19019732546913,0.977111407536712,-2.51522398797381,-0.503511630328295,-0.786616529177518,-0.500005826584392,-0.0480003508611355,0.298960104922336,0.751574178206674,0.0728476570462077,0.737528118902025,0.671375820752967,-0.0240156487399417,0.297795115219798,0.698119740943238,0.0728476570462077,0.737528118902025,0.671375820752967
502,-1.63488070595897,2.4997791895875,-0.767890984524227,-1.32276527799175,0.704110262233433,-1.5423651848547,-0.132424470505177,-0.19731839659931,-0.124774818686318,-0.612507008927622,0.254483330380238,-0.748380517232457,-0.0955942935176878,-0.161886551015599,-0.096102142117809,-0.612507008927622,0.254483330380238,-0.748380517232457
503,-1.04913102869232,1.38454900319481,-1.71187762500769,1.24569870429737,-1.08448473268858,1.11033106589225,-0.0108604093987653,-0.301295810040432,0.614675605405996,-0.56983936695407,-0.689731583473508,0.44671404570319,-0.0116337724089762,-0.286659524717402,0.557937777974931,-0.56983936695407,-0.689731583473508,0.44671404570319
504,-0.763111412613319,1.01888385167223,-0.989015171775647,1.38877196351991,0.863190023286051,2.8100575604747,0.279677822011167,-0.0696064035546908,0.39814979800064,0.991248329207318,0.0861153987307735,-0.100054424915343,0.239181011545004,-0.0315905622869917,0.379473498721157,0.991248329207318,0.0861153987307735,-0.100054424915343
505,-1.68790453353079,2.65635863753438,-2.51418179136034,-0.518758987283654,-0.574679831738292,2.73875573344306,-0.0272071649110785,-0.682307756006157,0.318567676543036,0.166701377214083,-0.889590799236716,0.425251526450298,-0.0694025053185514,-0.66928577249302,0.280045200074342,0.166701377214083,-0.889590799236716,0.425251526450298
506,1.14391425187903,2.03486084940025,-1.86021442780168,-0.536281324532395,0.897366981949266,-2.64371745854579,0.280206897801931,0.434724055671399,0.224777763239695,0.596507807984443,0.346775594796287,-0.7238267208851,0.239215741667254,0.393186719053137,0.219450964444563,0.596507807984443,0.346775594796287,-0.7238267208851
507,0.925316157218279,0.746983499702001,-0.561692267385202,-0.929157287110845,-0.879185502696296,0.675446874551792,0.0212146971498388,0.225484978780713,0.408658710276469,-0.0839090690560126,0.914265184093735,0.396331226733653,0.00852701322799555,0.174656016617067,0.43491588609692,-0.0839090690560126,0.914265184093735,0.396331226733653
508,-1.86698321823493,2.41514865694431,-0.370479857964522,-0.618257639074368,-0.479630191114345,-2.78766846795293,0.00362775551945899,-0.167085934555587,-0.134363052267663,0.251803423849309,-0.0912208630566379,-0.963469662148719,-0.000764619047802039,-0.117215554825941,-0.103905667756157,0.251803423849309,-0.0912208630566379,-0.963469662148719
509,-0.0194543627118389,2.95045081875272,-0.770946413894927,-0.62417033016956,0.220494870771127,1.59205438028862,0.0546120008022074,-0.0243327619030934,-0.224013096981184,-0.642344254173462,-0.115340958827343,-0.757687483298443,0.0995710979364909,-0.0594399601928511,-0.210590570649911,-0.642344254173462,-0.115340958827343,-0.757687483298443
510,-1.83061130323467,1.79418457181305,-0.449497936937362,0.625806160717642,-0.564437328976103,-0.888933832432123,-0.138520067835669,-0.292594818326748,0.0336746689874423,-0.475697339977604,-0.569809721185919,-0.670096203824688,-0.11638152620672,-0.31006262931238,0.0850435365427385,-0.475697339977604,-0.569809721185919,-0.670096203824688
511,0.214130456855396,0.347960429540008,-1.56586859941172,-0.865582416496352,-0.0242140700912989,1.7298883570817,-0.161102470749204,-0.0304868582658732,0.679179029399297,0.237747598657698,0.0705734377963875,0.968759758252838,-0.190550793642619,-0.0741352435127484,0.653457156526087,0.237747598657698,0.0705734377963875,0.968759758252838
512,-0.575629312544737,1.62080623637788,-2.332532543193,1.34903230794162,-0.642043215581837,-0.666571312948926,0.182410353377965,-0.25101296534787,0.727957264977503,0.0713613634007462,-0.742703464392817,0.665807119061139,0.13378718619623,-0.221868986555787,0.713110847450582,0.0713613634007462,-0.742703464392817,0.665807119061139
513,0.755304721628036,2.30016295223642,-2.14205861530067,0.0573115015432604,1.08776249461841,1.17340836605069,0.384536815706448,0.377307230362287,0.144829058838749,0.256967556046373,0.311620308572938,-0.914800775264463,0.417539483085966,0.345851014382725,0.181643871375065,0.256967556046373,0.311620308572938,-0.914800775264463
514,-1.97653465112607,0.27938868035604,-1.3699681019683,-0.176103578898037,-0.0289903494036212,-1.88838337797365,0.0497964691091677,0.109920460717665,0.647232349347703,-0.136003320337707,-0.329482094704979,0.934315067911215,0.084401992691983,0.0860674296424296,0.60639742990266,-0.136003320337707,-0.329482094704979,0.934315067911215
515,-1.5017181275781,2.83205551814973,-2.3173590842828,-0.369205660453056,-0.46286220299313,-2.412913062772,0.0806389316588442,-0.700550390952619,0.0991513585502944,0.228865680160289,-0.973424972962732,0.00802012825791443,0.090274121808192,-0.662689366345072,0.0554740655200181,0.228865680160289,-0.973424972962732,0.00802012825791443
516,-1.43912923517829,1.33681326309788,-1.85112936298991,0.666571956482823,-0.571589861254032,2.59699577224165,-0.0303955019728149,-0.24860876975016,0.724136073727434,-0.272137912737257,-0.49276743207039,0.826511472601416,-0.0136719110319433,-0.272259458873017,0.673195260914363,-0.272137912737257,-0.49276743207039,0.826511472601416
517,-0.916739917847933,0.594791084910177,-1.21376441377491,0.958096869216497,-0.123256443281095,2.80236741520379,0.0416310271229796,-0.0845388107164465,0.619319492939855,0.351636116316868,-0.624000224608758,0.697836486141138,0.0683054187633911,-0.0691856142453011,0.569452106917202,0.351636116316868,-0.624000224608758,0.697836486141138
518,-0.298828843578773,1.01735075482195,-1.96379544949272,1.51961734985609,-0.608553415268689,-0.590016906352869,0.0242556242464455,-0.121499614616837,0.744268296497916,0.209083569132176,-0.661820197704825,0.719915333236413,-0.0257964385919529,-0.117256046853169,0.714089112641221,0.209083569132176,-0.661820197704825,0.719915333236413
519,-1.29815049485935,0.92008971463779,-1.54646699801702,1.64133416690051,0.902622767031994,0.285012775023044,0.172981146952005,-0.0636405822823858,0.633309606545297,0.870450557210786,-0.205359584681878,0.447373745799548,0.126444975783068,-0.0990366514814664,0.62937221423702,0.870450557210786,-0.205359584681878,0.447373745799548
520,0.453972898264613,0.380664446270016,-1.16248134644192,1.31301301595767,-0.0805699942984781,-0.574263395313244,0.0165392124397919,-0.00806542552565026,0.609543749070335,0.59831514618974,0.205358700832087,0.774497766189488,-0.0162474809849679,-0.0561101356678765,0.60242064850806,0.59831514618974,0.205358700832087,0.774497766189488
521,0.418204428998383,2.26252517636025,-1.00656554952553,0.0121225916362824,0.961939080868206,0.595401917672629,0.199664895573897,0.0923615164588038,-0.0609031133262645,-0.489287074538798,-0.206560434540128,-0.847308058247919,0.257463841456887,0.088528516239681,-0.0520380152368255,-0.489287074538798,-0.206560434540128,-0.847308058247919
522,-0.643292368627316,1.38539401742987,-0.893144293253548,-0.900735661233861,1.05189191651646,2.68849214807506,0.131482002633863,-0.259941116074153,0.195411478988034,-0.213574339639808,-0.690519513046472,-0.691063530762175,0.0954358766888513,-0.23964383692368,0.236916867354414,-0.213574339639808,-0.690519513046472,-0.691063530762175
523,1.46768068194975,1.42331152718724,-0.546001723734146,-1.23111505489355,0.0291368087106569,1.22044343830056,0.036758310665045,0.308801021145189,0.107191828625929,0.0990341111918104,0.690071597313546,-0.716933354923301,0.0362703417142668,0.318236572054969,0.165025488940075,0.0990341111918104,0.690071597313546,-0.716933354923301
524,-1.18683512642237,1.66015031892751,-1.63441243660804,0.995087874827883,0.375210253845375,2.72912011132906,0.235888535008926,-0.425076167128128,0.414322316603031,0.63747968909004,-0.757279900117551,-0.1419394197382,0.230190543132858,-0.377366974349142,0.38077584416616,0.63747968909004,-0.757279900117551,-0.1419394197382
525,2.05847682902937,1.78554567257932,-2.36751406822187,-0.284171200663206,-0.700864326258976,2.80130747023879,-0.178333181260129,0.259616719768664,0.749729399815065,-0.260669051368354,0.105585237786239,0.959637120593167,-0.166190955387713,0.302624943773374,0.711823476546742,-0.260669051368354,0.105585237786239,0.959637120593167
526,0.0960679022533206,2.6588088974784,-0.988649082031217,-0.111282160402548,-0.888763194087565,2.64412315907023,0.425489171294906,0.0589544139793202,-0.143967274280731,0.7520056052877,0.159070866359694,-0.639674940177788,0.377922353182649,0.0260417567713346,-0.15335635358517,0.7520056052877,0.159070866359694,-0.639674940177788
527,0.566013005541701,0.597864921374061,-1.59519362521411,1.26134830921934,0.0856745687898768,0.246857142200943,-0.0325159579947603,-0.00170146770140845,0.704880476005607,0.368698066844843,0.330819120722251,0.868688922957714,-0.0209683773408032,-0.0531308372935372,0.679274357119751,0.368698066844843,0.330819120722251,0.868688922957714
528,-0.271186745483947,0.676264179521849,-1.95719208448061,-0.708616145908538,0.0648028826889202,0.338200836701009,-0.123079283701688,0.0269861958567067,0.757563219171937,0.228596079788934,-0.10729432130863,0.967590699066528,-0.167262683644545,0.0583985784551964,0.735312614933498,0.228596079788934,-0.10729432130863,0.967590699066528
529,-0.399867487778826,2.71645259082019,-1.82147594443377,0.493880495143162,-0.463834845291131,-1.38331880244603,0.567136429070403,-0.282320959527315,-0.0232215653923059,0.749026790400346,-0.546814312703547,-0.374102893179274,0.571972312760346,-0.236197590575926,0.0126009005405608,0.749026790400346,-0.546814312703547,-0.374102893179274
530,-0.668297913020889,2.43452288833667,-1.25401357079024,0.296993771521573,-0.590412735925599,-2.24979979137971,0.399596703442739,-0.353402600968943,-0.0212135623302339,0.569775665389794,-0.657407368724247,-0.493123962788952,0.402817643604503,-0.294977926788154,-0.0244046422952273,0.569775665389794,-0.657407368724247,-0.493123962788952
531,0.681622691578403,2.92687204168072,-2.3152391725529,-1.02929265830292,-1.07738975274791,1.91209084867077,0.399786875983964,0.510931102860004,0.0775539920836716,0.0193640359370666,0.987597951779892,0.155805390639701,0.440091103503713,0.471997464366817,0.0946928671260466,0.0193640359370666,0.987597951779892,0.155805390639701
532,-1.98368357559452,1.59660923663059,-1.38030175914875,1.17355082174156,0.251232876235644,-2.1623689875729,-0.147504626690691,-0.447193908933416,0.354547082411185,-0.170492615428154,-0.960477728375217,-0.220033636927745,-0.105026877987776,-0.426191733527734,0.389022428578569,-0.170492615428154,-0.960477728375217,-0.220033636927745
533,0.503628037680686,0.620972151230768,-1.59359533879995,0.106701586381451,0.823963411737728,0.898885615458043,0.0572684745075649,0.0502100688275199,0.585943516815959,0.810674037041417,0.535931287057268,0.235765267204717,0.0446575687565482,-0.00403800119438239,0.604167455880764,0.810674037041417,0.535931287057268,0.235765267204717
534,1.35540777195909,0.513146661020749,-1.28788018876069,1.31732447353614,-0.858450631320812,0.760596964830305,0.129145956453685,-0.0627749910065251,0.611168539854894,0.775856344857449,0.118283956450093,0.619722387679316,0.131571789889115,-0.0705208738705277,0.553133062508699,0.775856344857449,0.118283956450093,0.619722387679316
535,-1.97522125611693,1.31914219794878,-0.832373730638349,-1.31764710798384,0.680643205895538,0.778898119261767,-0.233069518002653,-0.249703265332997,0.240785995322831,-0.817693042664432,-0.362104870246684,-0.44750212392995,-0.202435481311164,-0.275265226814613,0.283706176137885,-0.817693042664432,-0.362104870246684,-0.44750212392995
536,1.87585998833023,1.91426669123836,-1.55577324674717,0.486587647581633,-0.0235654623795276,-2.29609498125969,-0.165949096043492,0.52985069949576,0.28765453529986,-0.280454217103144,0.927333030982722,-0.247787977427195,-0.199006959536724,0.481516113571609,0.285430695196872,-0.280454217103144,0.927333030982722,-0.247787977427195
537,0.647121265439844,2.84243905119206,-1.40584147769907,0.339009749254978,0.200895975000956,-1.55282064324618,0.280750050212753,0.22971118795463,-0.251054195453652,-0.014772458810056,0.0720144186621776,-0.997294188274179,0.267515284852062,0.272002039796544,-0.212709380467363,-0.014772458810056,0.0720144186621776,-0.997294188274179
538,0.793723984906014,0.599415157044082,-0.682809556117717,-0.946237386940909,-0.726604625074199,1.27595460491508,0.0338097942681466,0.18235747290295,0.46718195310849,0.0860005068202465,0.85602010392286,0.509738653141546,0.0323197317014097,0.128249902926709,0.489635250969013,0.0860005068202465,0.85602010392286,0.509738653141546
539,-1.14893394646012,0.61697850044986,-1.0432014023267,-0.821935110774621,-0.520500079832113,1.94388173471269,0.107767391276769,-0.0678430472108187,0.589644386825208,0.573662177597568,-0.38856658627489,0.72106013204496,0.0491992371145723,-0.0678395028118518,0.587702401894678,0.573662177597568,-0.38856658627489,0.72106013204496
540,-0.483394094377293,0.45253920992257,-2.0916074556496,-0.451538997239936,0.822477273135287,0.563901314123496,-0.203225568664032,0.0391439800714599,0.665142061557761,0.334851205359921,-0.536922957528649,0.774330942135013,-0.254823001941765,0.0666614797744813,0.66133521387968,0.334851205359921,-0.536922957528649,0.774330942135013
541,-1.13986709242787,1.16991650202447,-0.407823978145675,1.32078967184523,-0.114297070370169,-1.30645156925731,0.0971389129269807,-0.260982400502033,0.142539730663155,0.230981562869862,-0.766975522809298,-0.598661895418107,0.10031541241034,-0.260059479944681,0.201046636825394,0.230981562869862,-0.766975522809298,-0.598661895418107
542,0.25360015489295,0.662423319561392,-0.475394718316147,-0.883835255594042,-0.72884083092818,-2.67496234366841,0.16430088122353,0.145114406285923,0.381950329960713,0.630038436443583,0.695244772844228,0.345957041316553,0.168394496896711,0.11640025274798,0.331031377719728,0.630038436443583,0.695244772844228,0.345957041316553
543,-0.83677672877674,1.72589502440823,-0.560771669458167,1.00328669006259,-1.04439955290137,-0.726250692393949,0.12148954734454,-0.34141668784247,0.146276953966832,-0.107822378569887,-0.968911368764657,-0.222677107395733,0.138166858945397,-0.318986513632869,0.197781852400814,-0.107822378569887,-0.968911368764657,-0.222677107395733
544,-0.038312403085917,1.47406363487725,-2.46089809227728,0.385825219123121,0.171360293117848,-1.13713240490732,0.217470509178282,0.00524471109488576,0.790289587792528,0.61046538468028,0.0408221320833767,0.790990244971027,0.169001927926054,0.0370695172588248,0.781805582604892,0.61046538468028,0.0408221320833767,0.790990244971027
545,-0.30316733132924,0.543124949523939,-1.83463777839778,0.861909437791848,-1.020475644236,-1.30278594059848,-0.311177517370821,-0.0311739588778584,0.662971507364617,-0.617745091591219,-0.484683864864629,0.619251607147565,-0.320355717874782,0.0211618387752257,0.638258658084849,-0.617745091591219,-0.484683864864629,0.619251607147565
546,2.33861572995076,1.42006911434242,-2.19129527658229,1.27362605420188,-1.02908868588523,-2.17017052743791,0.00105265343981958,0.223604024862541,0.718571010527365,0.48724046551036,0.674863483131043,0.554216571301765,-0.0264913661632937,0.175669599825966,0.738003403085058,0.48724046551036,0.674863483131043,0.554216571301765
547,2.11553681081843,2.62781511524785,-1.60643387296428,1.44092693381835,-0.138577002167283,-1.90742282509144,-0.259771304790619,0.478884740482219,-0.10043903421416,-0.195423907300769,0.586880727240543,-0.785735647943322,-0.289044023751292,0.477438566070006,-0.0496944137680586,-0.195423907300769,0.586880727240543,-0.785735647943322
548,-0.452304351482442,0.272957687347914,-1.84894726373799,-1.54347634857884,0.800470477712652,-0.381247825632493,-0.345456990618897,0.0155593156554399,0.607676483652105,-0.353795314004514,-0.625712442455457,0.695207030419625,-0.307279522753451,0.0592199627100603,0.616056748931598,-0.353795314004514,-0.625712442455457,0.695207030419625
549,-1.91884903343157,0.5463993251419,-1.9748133088966,-0.913405380555878,0.807557144955912,1.49312672886164,-0.0531460868038501,0.171297202530159,0.673599760342059,-0.70106570849027,-0.255161101666984,0.665882635736304,-0.0405418694884161,0.225437785132307,0.655054382983663,-0.70106570849027,-0.255161101666984,0.665882635736304
550,-0.731767429693465,1.2443887888785,-1.11823369616929,0.115814118299957,-0.365511629116468,2.00466591671477,0.269897514114111,-0.251110015242352,0.474021816175468,0.67699685194736,-0.663531329229319,0.318435923828543,0.22390029283891,-0.26192601232462,0.439362476278745,0.67699685194736,-0.663531329229319,0.318435923828543
551,-1.10437915005322,2.79631494689376,-1.61590562850925,0.603676492159221,-0.494078495834355,-2.66798289998062,0.204956262465767,-0.518848795230506,-0.135322220704695,0.0974522245267058,-0.792214322203135,-0.602411430528194,0.232832794478434,-0.467534498554863,-0.140194788778191,0.0974522245267058,-0.792214322203135,-0.602411430528194
552,2.07634542328413,1.6660001427325,-0.933011055179915,0.354607383240116,0.550917686137272,2.72043259132092,-0.197593267443713,0.282546426460391,0.0968008910927512,-0.345507639641039,0.248879116184246,-0.904811392764827,-0.160220908300366,0.239169485159865,0.109280784340348,-0.345507639641039,0.248879116184246,-0.904811392764827
553,-0.681368050749707,1.78095934007611,-1.44572483859086,1.10049087416117,0.692715036754529,-0.995024741940288,0.430027320190173,-0.207904338161049,0.265680573146079,0.882808602204482,0.0170515511086027,-0.469423280716413,0.420030525110297,-0.225051668008059,0.320817068929261,0.882808602204482,0.0170515511086027,-0.469423280716413
554,-0.180557978748385,2.06160874950977,-1.11735678101676,-1.20564444520867,-1.05519602322761,-2.11888702836795,0.466021738707365,0.073218787066796,0.151217272005275,0.694506536241338,0.699282174884687,-0.169307740539527,0.424913786443609,0.0549070262320192,0.113683078583666,0.694506536241338,0.699282174884687,-0.169307740539527
555,-1.30403402191294,1.42626255026996,-1.26468155952146,1.61711000986744,0.477294421401045,2.71328487852706,0.192262388259318,-0.371319176170064,0.403930612915373,0.676564004260074,-0.735022802576966,-0.0447507299546978,0.200538119726619,-0.315191043095752,0.389262792822617,0.676564004260074,-0.735022802576966,-0.0447507299546978
556,-1.4389387890551,2.23114699012826,-2.13770934707069,-1.30208686859636,-0.408208581029855,-0.854776486435372,0.15473447097505,-0.607868828880773,0.367458207032484,0.500147166181171,-0.860182282064146,0.0996958062501235,0.171991699865662,-0.560632120042058,0.337376960563904,0.500147166181171,-0.860182282064146,0.0996958062501235
557,-0.476130196915856,0.959350726978196,-1.80019161664886,0.719799454958306,0.97644421613421,-2.32981785412033,0.183422908181537,0.0239840895798942,0.600446443664571,0.991858481399168,0.10302754803442,0.0748470254756525,0.145354143360118,0.0643915988513852,0.581684718278939,0.991858481399168,0.10302754803442,0.0748470254756525
558,-1.0389220937332,1.84174584194532,-0.551290726482138,0.930426208883253,0.125696250754273,-2.6209658422613,0.154214263224124,-0.222550434448984,-0.019119742239655,0.232004332441586,-0.196059516417765,-0.952751098530129,0.182591527224754,-0.186209906238587,0.0170478799828226,0.232004332441586,-0.196059516417765,-0.952751098530129
559,0.798147548887678,2.55624149647255,-2.40324784546137,-0.459139256690783,-0.531319457873939,-0.380964373772298,0.438764821757797,0.513352101704685,0.336318546875878,0.460546692515182,0.794121757160347,0.396569513222951,0.385284811287089,0.493556363422928,0.349809922859562,0.460546692515182,0.794121757160347,0.396569513222951
560,-0.913871453201816,2.88857937396761,-2.24676374654632,-0.93178252633274,0.863892744460933,0.687882889810663,0.253840932089706,-0.518673363584792,-0.0870954434183457,-0.291967934249132,-0.620850032318291,-0.727530042500426,0.291516990893152,-0.530691922908057,-0.0438511510223255,-0.291967934249132,-0.620850032318291,-0.727530042500426
561,-0.479899614104713,1.16330858616265,-0.992723134187334,0.768641625358101,0.50881560399472,2.58960813886247,0.319899636876568,-0.0924389427881352,0.316228039539877,0.902475633538364,-0.0879634866147025,-0.421663557699874,0.270997396474528,-0.072930614243156,0.29049875659141,0.902475633538364,-0.0879634866147025,-0.421663557699874
562,-2.13964423631133,1.35624467080906,-2.54026192352417,0.672067985814888,0.616839638841203,0.366477009720361,-0.0210507357429702,-0.162690444421009,0.77588151700571,-0.0591919572019769,-0.761189949351357,0.645822090988747,-0.0438731021736472,-0.109149445786325,0.782700685261787,-0.0591919572019769,-0.761189949351357,0.645822090988747
563,-0.182591450117426,0.467987301132608,-0.665793586677782,-0.15352451201376,-0.445563018152994,-0.800321071892489,0.137165717449156,-0.0111024547298288,0.494495976991616,0.745752863225403,-0.0706820810018175,0.662462610579923,0.0979775534928201,0.0322745130573781,0.490406176101728,0.745752863225403,-0.0706820810018175,0.662462610579923
564,-0.0827684109592752,1.37564133259506,-0.865898018527649,0.577299250968298,-1.08291130199361,-2.37955008498869,0.34213755249946,-0.11958828315064,0.416941701314709,0.688677373531237,-0.540874784352856,0.482885020307495,0.350079624353879,-0.067304339979593,0.391696646726811,0.688677373531237,-0.540874784352856,0.482885020307495
565,-0.185543113984654,2.35431753138771,-0.579618817903509,0.433265214044075,-0.296732063459136,2.19013947540285,0.234568080286268,-0.06657982672878,-0.13536350757448,0.127012628692447,-0.148743926466815,-0.980684983311088,0.186023154728948,-0.0772911891324358,-0.104336794598533,0.127012628692447,-0.148743926466815,-0.980684983311088
566,-1.17373242278188,0.34385239146252,-0.797135943022402,0.879791543137206,0.874723251189483,1.50809738105786,0.143240554731704,-0.0471872604251006,0.377399765153132,0.85526204428954,-0.510431618046613,-0.0893666542732449,0.0920984234043685,-0.0598153343204178,0.35172849418748,0.85526204428954,-0.510431618046613,-0.0893666542732449
567,1.87566011021608,2.78865237463803,-1.45132132367677,0.854611187629801,0.963595691306072,1.75608041856576,-0.207876002240009,0.263333682336002,-0.172516936258367,-0.491326774407762,-0.502436188347382,-0.711446327834377,-0.15378226113593,0.252284541369751,-0.152875560103097,-0.491326774407762,-0.502436188347382,-0.711446327834377
568,2.02817905104052,1.42010132738939,-0.538058352409925,1.60850703537169,-0.286271809862507,-1.86082500206128,-0.086305241050363,0.297522655044154,0.112909776580879,-0.0401860090074968,0.720658583160256,-0.692124476664062,-0.110447433484889,0.298875280920133,0.166288845022488,-0.0401860090074968,0.720658583160256,-0.692124476664062
569,1.52288468195955,1.81602385117721,-0.228030093537818,-0.0358471537582823,-0.541263973975583,1.00732276546225,0.00683307885158781,0.245663763797529,-0.0138925344153879,0.00903134016114376,0.573838796431203,-0.818918476165535,0.0464617777900512,0.24565335167295,0.0292765067140175,0.00903134016114376,0.573838796431203,-0.818918476165535
570,1.95325107375401,1.90085335673942,-1.77934881040769,-0.031287859827255,-0.203228068011935,-2.35157324744623,-0.210942814656298,0.517374114748264,0.427408441422929,-0.373738471532582,0.912180184633692,0.168068038776363,-0.229944400926545,0.478500584098896,0.387888973637203,-0.373738471532582,0.912180184633692,0.168068038776363
571,0.433350063109079,2.6410977426341,-1.21910582801208,-0.661264204329408,0.871830261234713,1.66341924279428,0.271664041303837,0.0279865269904851,-0.151455057884717,-0.199139854769506,-0.610124338912786,-0.76687131209129,0.317569789495588,0.0247669085388596,-0.115174259382182,-0.199139854769506,-0.610124338912786,-0.76687131209129
572,1.29973861502074,1.8496844058375,-1.20960741072851,-0.660484112487345,0.104655330733602,2.77982219615372,0.140192468467189,0.462923179188866,0.160865576852827,0.276774818869228,0.756581259636289,-0.5924360701435,0.164537816845914,0.409675680430941,0.163316676268035,0.276774818869228,0.756581259636289,-0.5924360701435
573,-0.0781647179486442,2.09217046540603,-1.39700514563827,0.812926907105159,-0.633716343153425,-1.42155302199996,0.547831719944468,-0.124331873830992,0.206174823509553,0.857620879788414,-0.4985702936954,-0.126151055466971,0.538029653531884,-0.0805224966072512,0.24383989965857,0.857620879788414,-0.4985702936954,-0.126151055466971
574,0.0983709224210578,2.54958334698169,-0.514447799424322,-0.403140511106058,-0.500478586229518,-2.11778221983979,0.191018247638181,0.0562884164131691,-0.170459932283956,0.0683964271123832,0.195911900076512,-0.978233334213608,0.148702044163216,0.0741408877792673,-0.134064490404676,0.0683964271123832,0.195911900076512,-0.978233334213608
575,0.901729706228046,1.7258006695786,-2.54158049680825,-0.276893512679775,-0.133696420916412,1.60720636563456,0.184796877348542,0.247121292669557,0.772814238330455,0.289624196846645,0.425027929668505,0.857594941451173,0.205091094955163,0.19714188115274,0.749918755016758,0.289624196846645,0.425027929668505,0.857594941451173
576,1.55508017711813,1.82322779507315,-2.21729368690313,0.307710214127049,0.496719387197149,-0.404794215828349,-0.0210620854508001,0.4999178342518,0.527220693915506,-0.128762753293866,0.991665506502801,0.00443582875306634,-0.0227092268785168,0.464202119219815,0.573649937123545,-0.128762753293866,0.991665506502801,0.00443582875306634
577,1.49779713786515,2.85737630393348,-0.983487011182829,0.420929889062516,0.321853075544266,-2.4748235566344,-0.0145363879477801,0.157407312583841,-0.240000373756843,-0.164301198699054,-0.474466151929239,-0.864804594564295,-0.0507732145785227,0.159905770747047,-0.194015048896186,-0.164301198699054,-0.474466151929239,-0.864804594564295
578,2.06495787403916,2.69677265264182,-0.875518353808742,-0.62520460975386,-0.343573850035717,-2.3951511874007,-0.162566415781614,0.219942594180698,-0.217689333663915,-0.228822406420146,0.00906720951697363,-0.973425956111542,-0.138636492343231,0.175599422595473,-0.187772082821025,-0.228822406420146,0.00906720951697363,-0.973425956111542
579,0.0934795988658035,1.87740471047161,-0.797114628037439,-1.64855619663631,-0.725193273723113,-0.207479134431997,0.32373344567558,0.15709440261518,0.0607552393862705,0.302235470926241,0.692502546306292,-0.65505262649141,0.283154579191636,0.16375473218238,0.102504438240076,0.302235470926241,0.692502546306292,-0.65505262649141
580,0.338164496073534,1.8325896353155,-0.866412126838879,-0.640349520846377,-0.233102454991975,-0.921921310966973,0.390108990807737,0.166334914546348,0.0893466049927829,0.674340084881808,0.383442615008579,-0.631060386109744,0.346962746801266,0.19537456989987,0.11634845761594,0.674340084881808,0.383442615008579,-0.631060386109744
581,-1.74833319236432,0.402682142358965,-1.2296998094431,-0.601042850823601,1.08207367701831,1.26359081244986,-0.101817457908658,-0.0340881721776394,0.458254324169975,-0.643934358532019,-0.761630554904443,-0.072577129578861,-0.108971721966422,0.0149316579210742,0.489557243568731,-0.643934358532019,-0.761630554904443,-0.072577129578861
582,1.57973110137349,0.292529792412418,-1.69006827386336,-0.673521952191645,0.28355985763575,-2.05628915285413,0.0340531509151084,-0.205073399343971,0.663027331813876,0.17181221679679,0.301897918634794,0.937730349771912,0.00831050933896827,-0.174111550993039,0.620451747832252,0.17181221679679,0.301897918634794,0.937730349771912
583,-0.593546566052117,2.60087307914096,-1.95466091028043,-1.55150240402494,1.09678994117327,0.594266399565055,0.363879872258568,-0.45045149226138,0.0797988241299203,-0.1843116837638,-0.948776769770684,-0.256616142071498,0.416054809784889,-0.427268684671782,0.0930023587471397,-0.1843116837638,-0.948776769770684,-0.256616142071498
584,-1.20545490743881,1.3953398374105,-0.777857384466959,0.191224830564749,-0.13540670058431,0.585218047988361,0.133349411878988,-0.358443729763627,0.225755305769182,0.305368917539228,-0.870147870090975,-0.386771907430025,0.0963283507312108,-0.351141210208475,0.270589603350823,0.305368917539228,-0.870147870090975,-0.386771907430025
585,1.0634770167012,0.592228247356709,-1.32647642981068,0.554114173258118,-0.762943866221677,-2.47164212766518,0.0337790129415663,-0.0796981965558052,0.681738602511867,0.347971881842036,-0.122414470573172,0.929478491866058,-0.00132151118790943,-0.0367282032082566,0.662883023031307,0.347971881842036,-0.122414470573172,0.929478491866058
586,-0.767579826085202,1.41723768881851,-0.723109874927046,-1.21835247004911,0.881719991347692,-1.58064826498903,0.101073364581441,-0.289130818751314,0.170541335028264,-0.236532891411458,-0.778422745411792,-0.581472459112299,0.102070834489833,-0.232698410599852,0.154780993534226,-0.236532891411458,-0.778422745411792,-0.581472459112299
587,-0.841201534053904,2.69996366904081,-1.24628222113523,-0.122376388805106,0.676312941717773,-0.786655299027649,0.160103833710134,-0.198838119085752,-0.192809093864418,-0.356937336176561,0.284555789373191,-0.889732398408297,0.21650060470783,-0.203608841778384,-0.177622111740789,-0.356937336176561,0.284555789373191,-0.889732398408297
588,2.21955444205473,1.72689195884214,-0.693566635450148,0.593967072679279,-0.6473817859593,1.89128881774936,-0.193742355897131,0.360275151717741,0.140854619380054,-0.257863826919747,0.898724174895245,-0.354684513652857,-0.14665186721125,0.328861478162591,0.125699851513296,-0.257863826919747,0.898724174895245,-0.354684513652857
589,1.7222268308966,0.274337731893992,-1.0713192697335,-0.747631109443981,0.54176839000253,-0.0685477569907178,0.0595741921206053,0.0466056812073843,0.515531139603523,0.220535810607634,0.878894221989991,0.422976243768183,0.0233888807680327,0.00566802518967326,0.536714424572879,0.220535810607634,0.878894221989991,0.422976243768183
590,1.37779027728806,1.63913214385675,-1.11181027420938,-0.923228422023806,-0.298613712249572,-1.14598804250733,0.044058712679071,0.463519311958563,0.26890700837135,-0.0499169788846829,0.967831289114774,-0.246598643608317,0.00309430886244867,0.422762442490103,0.259170725144187,-0.0499169788846829,0.967831289114774,-0.246598643608317
591,1.65695956897404,2.90864679432059,-1.04843328029449,1.29357986817938,1.05606234739968,0.830725900275795,-0.176184649665631,0.177122209872051,-0.172800612903426,-0.805498916263827,-0.403018746284922,-0.434450671585084,-0.12064693212182,0.15940584769595,-0.178774928033138,-0.805498916263827,-0.403018746284922,-0.434450671585084
592,1.4081523378419,1.30117517842836,-1.39130681593727,-1.43810855600231,0.665231053677727,-0.841746714673503,0.171158963504936,0.322545163288237,0.479656745694155,0.731482498755156,0.67935114953911,0.0584411638727619,0.120866141271808,0.327726260538458,0.45002925401648,0.731482498755156,0.67935114953911,0.0584411638727619
593,1.6459114942497,2.95984719349731,-1.3865504653315,-0.473652110348829,-0.978601097252378,2.340363543241,-0.109067247545162,0.469279192949967,-0.19633539499864,-0.436152403638314,0.752360917120298,-0.493684242396316,-0.0556526189446192,0.447273648244791,-0.20616562661822,-0.436152403638314,0.752360917120298,-0.493684242396316
594,1.77683990781165,0.327052178122422,-1.41773230744832,-0.623191745781419,-0.670454014482778,-1.97226800631329,-0.0250226825107776,-0.224470184439296,0.656201625872253,-0.320984250643443,-0.236803076272314,0.917002406707221,-0.0478285700014121,-0.183974812382219,0.620508260414181,-0.320984250643443,-0.236803076272314,0.917002406707221
595,1.89165351634279,0.356680342654636,-0.235855494637194,0.65915640523126,-1.07162677810114,-2.79841598304843,0.067540989209747,0.118872334138967,0.392780959921484,0.352042509836449,0.645701882148178,0.677595122959393,0.018868856384501,0.124867949255857,0.360701744132881,0.352042509836449,0.645701882148178,0.677595122959393
596,2.34805985446947,2.80749869796615,-1.21753174350846,1.3609110270335,0.297535899953643,1.58310107927681,-0.262607485479824,0.188412241755768,-0.242707333081404,-0.207268780197904,-0.198163301484675,-0.958003631882451,-0.216508243804634,0.169055688065562,-0.212142913469534,-0.207268780197904,-0.198163301484675,-0.958003631882451
597,-1.38491791431954,2.21982938190005,-1.80134759019179,-1.26106513958472,0.85337788216556,1.09153061962691,-0.0340127401015397,-0.55850306680651,0.187208230364078,-0.604202714731147,-0.670209631855542,-0.430996669220971,-0.00651933638160192,-0.564147299880373,0.238649997294273,-0.604202714731147,-0.670209631855542,-0.430996669220971
598,2.0729854269109,1.3359148380512,-0.58202941531177,1.00524924329271,-0.306552207664738,2.3388775357225,-0.119524359228206,0.317182395051209,0.180325967496732,-0.185454195165634,0.867048147978792,-0.462422156240394,-0.110461269147599,0.265180857103877,0.154876007785507,-0.185454195165634,0.867048147978792,-0.462422156240394
599,-0.997540470904598,0.623295261793595,-1.45563492908769,-0.848085620596423,-1.09377917259267,0.651917937681052,0.0457451119245832,0.165512958803877,0.66174886298802,0.457261447871824,0.520185944063607,0.721331097270052,-0.000327274093780201,0.182829797898658,0.629945367420074,0.457261447871824,0.520185944063607,0.721331097270052
600,0.759770170602568,2.02311074579064,-0.910432613978822,1.15630236106807,-1.0160574273257,1.02174140779504,0.397647710061308,0.173573690070474,0.111119068121453,0.94616583163186,-0.174326460789389,-0.272727893918162,0.356435365240041,0.13340169209422,0.122153251957555,0.94616583163186,-0.174326460789389,-0.272727893918162
601,0.335228831926818,2.10754695512783,-0.388341572297996,-0.768794904490217,-0.947454080023412,-1.05352453335406,0.228392862675962,0.194819691616377,-0.0176559710719218,0.330650534775076,0.7129740424485,-0.618335053710851,0.187567004476946,0.200756208357991,0.0239614179774934,0.330650534775076,0.7129740424485,-0.618335053710851
602,1.36272955035347,1.5653083399865,-1.50134042802184,-1.09346536886286,-0.517020362037521,1.03929870911903,0.00869316369445394,0.450267804876944,0.480520469534339,-0.25113792639274,0.935841176101627,0.247246911082581,0.0150484879906586,0.404914518923742,0.517081231374557,-0.25113792639274,0.935841176101627,0.247246911082581
603,1.49212211454027,2.15080231751183,-1.16271714554995,1.62922047678596,-0.0852195793244424,-0.0375674309918987,0.053277489975214,0.468177266599867,0.0126818744687344,0.133039886493894,0.606228452070847,-0.784083830021686,0.0950409368545216,0.440046209562582,0.0426561656984575,0.133039886493894,0.606228452070847,-0.784083830021686
604,-1.0651923691617,2.00832075792133,-1.57410031959518,-0.659641555133522,0.231536516136534,1.64571133354471,0.244931404302276,-0.49558725340429,0.20650240609791,0.290412577830048,-0.814953037946688,-0.501509801080269,0.204446551362865,-0.493093897682981,0.248796139200124,0.290412577830048,-0.814953037946688,-0.501509801080269
605,2.21903884927347,2.34258269599673,-1.10581439607531,-0.167951276530193,-0.760973796725423,-1.63211106627817,-0.330107736357478,0.397049845931423,0.0131480383488038,-0.64532494326102,0.661066461043912,-0.382814382812401,-0.339149427951137,0.339644095912476,0.0206864518348999,-0.64532494326102,0.661066461043912,-0.382814382812401
606,0.944124822176831,2.85917085804545,-1.01967690971492,1.29025578177327,-0.623038109919078,1.03738902328876,0.239157373445794,0.148366104497687,-0.234542211526845,0.461402924810173,-0.318812881295452,-0.827928552289815,0.229332983256729,0.117353530195464,-0.185801042146514,0.461402924810173,-0.318812881295452,-0.827928552289815
607,-0.871517761919338,0.228742475840076,-0.571159509929634,-0.222031697776323,-0.903200278764113,2.45909471969511,0.0236351755916025,0.0253644633797488,0.521713452732457,0.289231694157722,-0.0752095599191684,0.954300031013003,0.00849162173233168,-0.0186844698505479,0.486155552656887,0.289231694157722,-0.0752095599191684,0.954300031013003
608,-0.514703332272151,1.81849483288197,-1.97999621954652,0.506395959506083,-0.293094665953076,-0.105975380902743,0.422802146417562,-0.268444069555304,0.566383443617738,0.684540494891491,-0.548133955047533,0.480576193935636,0.370006864769197,-0.252887876518684,0.586499683173808,0.684540494891491,-0.548133955047533,0.480576193935636
609,-0.463296946523682,1.10031185977508,-1.91264003525519,0.883238956897762,-0.570121305992765,2.6071385172689,0.0396745182401515,-0.107867703956574,0.766102730349707,0.042013385320067,-0.487241078529921,0.872256273607102,0.0834165255873446,-0.100972051033729,0.727721917903828,0.042013385320067,-0.487241078529921,0.872256273607102
610,1.9959429641659,0.932021776154823,-2.02018492973937,-0.817397339039775,-0.555602449026541,-1.47191431720193,-0.0390049046678435,-0.094360153730442,0.783566064503567,-0.348089119950823,-0.163929530718806,0.923017374446534,-0.0701581995195341,-0.0774527287417899,0.736901182631471,-0.348089119950823,-0.163929530718806,0.923017374446534
611,-0.338110172303521,2.49106655640273,-1.06405383633415,-1.00947977106214,0.6765468582529,2.74480446592892,0.242939190277864,-0.191936230689376,-0.126998995997099,-0.313442088231937,-0.451631629050465,-0.835334022392256,0.232946218469713,-0.209337894511041,-0.0719415477209648,-0.313442088231937,-0.451631629050465,-0.835334022392256
612,-1.65592582201287,2.56766506352444,-1.98299148570999,-0.273896839767754,-0.390009814445857,-0.372813610907542,-0.0363000874925686,-0.672369361768921,0.129323594665541,0.0184998220580373,-0.99264158674081,-0.119668027712117,-0.00976532154533631,-0.641716295363848,0.171635480892602,0.0184998220580373,-0.99264158674081,-0.119668027712117
613,-0.813248501292685,0.4366857797326,-0.933008379288778,-1.48603476471033,-0.656613035507759,-0.00487808708550741,0.135274244532386,0.0262182167612702,0.515900067579092,0.876527729554192,-0.0415877985067372,0.479551451189481,0.114000796126649,0.0717398047450278,0.485746702586682,0.876527729554192,-0.0415877985067372,0.479551451189481
614,-1.05831400595934,1.34280068535212,-1.11306917755754,-1.4867397466525,0.849148029589986,2.02510689157891,0.0414144450981767,-0.36476160273258,0.360661613542851,-0.335714224169862,-0.928921987347636,-0.156204676985504,0.0335761556163464,-0.332354322091213,0.408852166345561,-0.335714224169862,-0.928921987347636,-0.156204676985504
615,-1.95535595156066,0.658379801134125,-2.52962777045392,0.296735973878485,0.456464937727558,1.46343030553236,0.141334666921932,0.279980914639675,0.732054822955401,0.10039187404928,-0.0955155097698191,0.990352593280941,0.092243262510208,0.293346982078446,0.702979365020799,0.10039187404928,-0.0955155097698191,0.990352593280941
616,-1.34788167557004,2.88738870173319,-1.38639264723709,-1.44280518988901,-0.706103601665737,-0.914135358936093,0.203969650710336,-0.342989370120823,-0.219005095528234,0.672030228999763,-0.053566192537829,-0.738583803185208,0.198103431231352,-0.299557315123961,-0.180104657641573,0.672030228999763,-0.053566192537829,-0.738583803185208
617,1.79298429598412,0.277728268253117,-1.69946957812922,0.464101997192583,0.720032621618385,-2.57379072161154,-0.0230318988108667,-0.159650096656778,0.616404761683108,-0.427835838515933,0.554316230195108,0.713925775010017,-0.0461253740448376,-0.173624988317093,0.564391361441435,-0.427835838515933,0.554316230195108,0.713925775010017
618,1.37048671845547,0.301551768239484,-1.8426355398062,-0.751383283659227,0.907944569994601,0.596100023034198,0.0609856914463549,-0.210935260768684,0.60744840481868,0.634710617293041,0.421809742999004,0.647471214037043,0.0342518916590415,-0.262746872417191,0.613352712340831,0.634710617293041,0.421809742999004,0.647471214037043
619,0.0104495175620993,2.23863286808522,-2.28999343041685,1.2678938436305,0.0648932831223767,-2.79494835508587,0.632412169918444,0.0188495979147647,0.408305228833142,0.990296142713559,0.0722391824059056,0.118722576841868,0.594135796340566,0.0631522670754116,0.405816708998178,0.990296142713559,0.0722391824059056,0.118722576841868
620,-1.58870124200348,0.898333424503901,-2.46780126076078,0.600375799673914,-1.03608056481621,-0.000287080394694161,-0.0855343663821433,0.343437281560617,0.695944280707886,-0.4725567039206,0.75964768843404,0.446794752695819,-0.082222317135484,0.333316132915932,0.638319696718933,-0.4725567039206,0.75964768843404,0.446794752695819
621,-0.0909731903819244,0.944122534002196,-1.12884946628034,-0.701017169079704,0.922202116467338,-2.79172714828815,0.225422456691788,-0.118062914345126,0.376151973453738,0.695676874295309,-0.579620163922784,-0.424351448854406,0.175108352250371,-0.100319253482788,0.35191041010769,0.695676874295309,-0.579620163922784,-0.424351448854406
622,0.304092954567085,1.19892449994616,-1.660746033702,-1.57890960620428,0.411202411365803,0.308394280212419,0.286102338374289,0.00976012309202341,0.637949014150396,0.864098766534058,-0.147749699527427,0.481147948103153,0.251164693339474,0.056601585817529,0.642335166126368,0.864098766534058,-0.147749699527427,0.481147948103153
623,1.2508396202716,2.39332389974832,-1.96367282317196,-0.989917587242533,-0.292201828242905,1.2410210839035,0.160983238271148,0.634546161783893,0.197322693927875,0.0718169487661811,0.982365304660351,-0.172628891178421,0.173538496523537,0.60679760013494,0.247386481405752,0.0718169487661811,0.982365304660351,-0.172628891178421
624,-1.76543081689041,1.37188111050435,-2.5224551816848,-1.41460392628359,0.461832201120545,1.71226109066022,-0.102192114734281,-0.0848619893747865,0.807644402738677,-0.501119354930841,-0.26623249340639,0.823407342430412,-0.0890842549122482,-0.0303001174215205,0.790756947636106,-0.501119354930841,-0.26623249340639,0.823407342430412
625,1.93301055979132,2.73466156284238,-1.03407683676577,-1.21518606240105,-0.961548230017621,1.56867770004871,-0.25526907513071,0.257888153295349,-0.154065972685769,-0.811341599036178,-0.0284135463917382,-0.583881392112185,-0.22722631474428,0.305847068801391,-0.135423386668975,-0.811341599036178,-0.0284135463917382,-0.583881392112185
626,1.14110535751055,1.92587601426144,-0.792413636702143,-0.979339847906149,0.64780859496932,2.68227625263629,0.206987139581356,0.223912474237905,0.00828198828792606,0.500453506258409,-0.110363731206214,-0.85870025905895,0.219563654171372,0.198614247752389,0.0596223332171787,0.500453506258409,-0.110363731206214,-0.85870025905895
627,-0.37631265834273,0.851406387285748,-1.39674984509048,0.557203462522719,0.773817228583875,2.51696344702831,0.213036747872427,-0.00698749189857042,0.511231078442985,0.998454731412529,0.00284274277338811,-0.0554983615385217,0.175550507329265,-0.0156611138461442,0.467032095963173,0.998454731412529,0.00284274277338811,-0.0554983615385217
628,-1.74956208221616,2.12571948534563,-2.367761754813,-1.30729180153275,-0.809888393576626,0.0850931156370116,0.0397761081429565,-0.532989061339631,0.526173567813917,0.582881297310103,-0.706445020938041,0.401478300332587,0.0554451022480148,-0.478137836491613,0.512763655196458,0.582881297310103,-0.706445020938041,0.401478300332587
629,-0.0858548184663328,1.41706649609374,-0.624735200661226,0.0954267628963974,0.370780832600281,-0.0941759559088786,0.280838608504625,-0.0161386476882606,0.0941314847181116,0.477246839807531,-0.00642438318946907,-0.878745800100552,0.30532480461707,-0.0192140318689669,0.147281914745384,0.477246839807531,-0.00642438318946907,-0.878745800100552
630,-0.844531516882198,1.89861516140391,-2.54541582995069,-1.44126998362978,0.922374829276589,2.29563720111328,0.146064957773593,-0.391494689988999,0.628157666581378,-0.247356064878726,-0.911675670599436,0.328119564800364,0.110686342498471,-0.344952489139314,0.62413558735759,-0.247356064878726,-0.911675670599436,0.328119564800364
631,1.56233554930879,2.73904462743964,-0.91363063708198,0.913628433712184,0.425294810276331,-1.7020632326587,-0.0617567894327883,0.177260198405645,-0.206965860641809,-0.330034482279752,-0.397482705250839,-0.856203678766221,-0.0828221471406379,0.224872523606041,-0.180071303689667,-0.330034482279752,-0.397482705250839,-0.856203678766221
632,-0.224365532745595,2.38639395238664,-2.55747854796048,0.183272684598142,-0.146586748068865,-2.49583307387783,0.62176755228006,-0.145682071880619,0.456818936133884,0.890782959406135,-0.230588469347451,0.391579719898321,0.611261313846249,-0.106861317522543,0.414197720934856,0.890782959406135,-0.230588469347451,0.391579719898321
633,-0.273508406400433,2.52969173628662,-1.06145556926991,0.796680562299461,0.95665973373308,-0.987347797449485,0.253914457922353,0.0457188894022195,-0.108203906932931,-0.277685942277812,0.684847996113198,-0.673701521210262,0.308385065502907,0.0265933343060539,-0.0981457733054243,-0.277685942277812,0.684847996113198,-0.673701521210262
634,1.15921008049072,2.62381038123883,-1.51043511285743,0.0710951429146605,0.335239733821495,-0.175147242179647,0.174361545785481,0.414115842476548,-0.151367673152959,0.062039473861926,0.200539624558393,-0.977719265773624,0.185820868152572,0.450981626760989,-0.107281418152332,0.062039473861926,0.200539624558393,-0.977719265773624
635,-1.4924202843412,0.795682182616805,-1.5622106002917,-1.59837406479989,0.550472220082427,-2.47487844785485,-0.0936342414556985,-0.0838278870615378,0.672714868763398,-0.47829062831938,-0.588451088037614,0.651892162745651,-0.108394350372956,-0.0742812337053089,0.61681316400901,-0.47829062831938,-0.588451088037614,0.651892162745651
636,-0.321930584727209,1.69089447100707,-1.08113642377438,-0.210274191088135,-0.919973446853717,-1.22107369071799,0.451636790170486,-0.115742832233883,0.365786921787053,0.918923444036617,-0.131439340900896,0.371891655813115,0.423403622982769,-0.0647851603777668,0.359446263339006,0.918923444036617,-0.131439340900896,0.371891655813115
637,-2.01112600718245,2.21991656097511,-1.72139371265331,0.501912097966406,-0.0400606361131468,-0.663580756722801,-0.262565206261939,-0.551515468468672,0.181926058563538,-0.413798789193263,-0.832995465760759,-0.367272536523227,-0.248546164023872,-0.541127911984657,0.237868574819233,-0.413798789193263,-0.832995465760759,-0.367272536523227
638,-0.815783166610714,0.44819080676023,-1.66304803170828,-0.40414877902338,-0.0399708875741647,1.67084176938302,-0.10193313245021,0.114609859874692,0.705080557583338,0.168957559273793,-0.156610569106408,0.973101470972277,-0.149770162731674,0.0992090462682643,0.67494032742313,0.168957559273793,-0.156610569106408,0.973101470972277
639,0.901923653835348,2.55850681879274,-1.31868662489136,1.17075816766295,-0.0758903633160797,-1.32907572544026,0.294146725984448,0.351511990406247,-0.136263431952113,0.322646961238606,0.295572336640627,-0.899186261136309,0.303095472123915,0.378772417926948,-0.0851675511600176,0.322646961238606,0.295572336640627,-0.899186261136309
640,0.610181408781136,1.74728662012987,-1.24860090608557,-0.3518161977034,-0.174664632698946,-2.05098658184507,0.40356555620993,0.297743891190219,0.269889373515243,0.758877002729257,0.603663695712493,-0.244327315720929,0.35035126881814,0.29673706481092,0.245369464909664,0.758877002729257,0.603663695712493,-0.244327315720929
641,-0.470385434470195,1.72241781738009,-1.1148494655339,0.0207050404758102,0.191512341863116,-2.07529182980428,0.397085829942606,-0.199468651685687,0.168670463550838,0.676734816340789,-0.339669219723717,-0.653188188445322,0.379404864233709,-0.143967483204401,0.175073880514675,0.676734816340789,-0.339669219723717,-0.653188188445322
642,1.23275433406468,1.99713152224448,-1.70994956308629,-0.617982184425378,-0.495745845020987,-1.98085227080546,0.13919996381673,0.55817866138096,0.379472653837181,0.051433589533626,0.977350189151377,0.205283203485953,0.113632662837098,0.533500329139979,0.332875518319849,0.051433589533626,0.977350189151377,0.205283203485953
643,-0.780629432981986,2.51115422743584,-1.99519155524114,-1.42047100019509,-0.0115791329860611,-2.13560061343314,0.468078636913503,-0.46026751393018,0.102359840497296,0.654688429949473,-0.632375720361815,-0.414106276198721,0.419328004214467,-0.439181511045441,0.0776059257808621,0.654688429949473,-0.632375720361815,-0.414106276198721
644,-0.458887549694099,0.414771360311661,-0.813163645825705,-0.519890024312735,0.145605529815176,0.873303921379171,0.121952816612705,-0.0742362754770046,0.466376243905797,0.805262957101913,-0.478250240622151,0.35046865375428,0.0716288567640647,-0.0648796655802692,0.494906103989449,0.805262957101913,-0.478250240622151,0.35046865375428
645,0.718646437057505,2.13762106323577,-1.83127907947734,-1.3669745263251,0.293024808420748,-1.32011155406995,0.488356403947531,0.355748798322879,0.261771505282252,0.88005685183704,0.393942748849091,-0.265158534020498,0.43983950368816,0.353232606720943,0.229002935447048,0.88005685183704,0.393942748849091,-0.265158534020498
646,1.85787208459886,1.00556011016601,-0.826492325884809,-0.559430211739367,-0.296738322437496,0.521951529992306,-0.117419198846652,0.288806270252742,0.406402403397499,-0.424893075312137,0.891153707047136,0.159094138697638,-0.10115218148313,0.250005141070673,0.447192800800458,-0.424893075312137,0.891153707047136,0.159094138697638
647,1.90939600026707,0.904558498548406,-0.25663763922697,0.787232682240637,-1.08820331889941,1.98236416534637,0.0421923649405148,0.23800311711054,0.303822178411185,0.350893517373122,0.892719580058265,0.282710966971771,0.0545500484436851,0.209713708910175,0.254012570481503,0.350893517373122,0.892719580058265,0.282710966971771
648,0.921614378116404,1.7464331780801,-1.74241167798435,-0.551360870098314,-0.928199158294854,-0.235683137692039,0.194697278168491,0.391036001502946,0.578525393397921,-0.00729214687411926,0.684087181741343,0.729363799739988,0.153153191259064,0.351211600617877,0.567475237878325,-0.00729214687411926,0.684087181741343,0.729363799739988
649,0.740742469179057,1.7733415673771,-1.5861116887636,1.43347057626561,-0.306266827407784,2.53047957860697,0.421378233102144,0.308288381296432,0.382918705571622,0.90470644320474,0.422587240509965,-0.0540950624549239,0.373854700045178,0.323258770741965,0.352073912726921,0.90470644320474,0.422587240509965,-0.0540950624549239
650,-2.21424564662534,1.40353918268447,-0.861318680518784,0.669389111671215,0.0223257511508113,0.634402449318895,-0.228860118015388,-0.311437191326151,0.230842453416508,-0.523100245922111,-0.720621448802064,-0.455050393080416,-0.250538680728304,-0.263984172023687,0.25753048215192,-0.523100245922111,-0.720621448802064,-0.455050393080416
651,1.16098901145993,2.42185703497583,-1.74481745918166,0.211353096897924,0.780164290627408,0.503924425931826,0.169203675506281,0.463712793663142,-0.0172893218727727,-0.0523886538264479,0.249752873394116,-0.966891375068387,0.211888373882586,0.477914888897937,0.0202648658493136,-0.0523886538264479,0.249752873394116,-0.966891375068387
652,0.0388358153905948,2.56879459347536,-0.902366284311112,-1.29813896683988,0.00429719715827037,-2.71767000693154,0.270396640866754,0.0100933199669823,-0.189349957905247,-0.00938268938113814,-0.00451085027758128,-0.999945807216447,0.241994737063762,-0.0269425993672311,-0.153914487830261,-0.00938268938113814,-0.00451085027758128,-0.999945807216447
653,-0.270447542667679,2.72067776816051,-2.45372342197241,1.46806119616973,-0.701884730119363,-0.735279158594599,0.610235798688478,-0.296334435719078,0.17722790188358,0.56383042000196,-0.822804204485974,-0.0713337126512822,0.568824779268207,-0.285647223175475,0.217289241833983,0.56383042000196,-0.822804204485974,-0.0713337126512822
654,-1.389031348322,0.427125597521989,-1.51175792896283,-0.733515040112735,-0.876515371093347,-0.00610159139453526,0.0577056731495716,0.235512007275135,0.660820313729136,0.455875545647679,0.365950016059343,0.811331049958398,0.0555355645252275,0.260250845236671,0.607742253055526,0.455875545647679,0.365950016059343,0.811331049958398
655,-1.22977583191887,1.14497336192616,-1.20707994276917,0.158505445925494,-0.172882448530465,-0.647155887199739,0.108439577946397,-0.316888197595473,0.51247966779364,0.291751808792034,-0.903291181087703,0.31455671068308,0.114933471279037,-0.266111134807101,0.541001926539574,0.291751808792034,-0.903291181087703,0.31455671068308
656,-0.562360006993456,0.950338353474508,-2.12544866970827,-1.22906819984741,-1.06354426704594,1.43045320243703,-0.00910789672051989,0.192234680502034,0.721002728547074,0.327755076707483,0.766892521859442,0.551772117462035,-0.0649725590884882,0.178494869240246,0.709851177757909,0.327755076707483,0.766892521859442,0.551772117462035
657,0.0233508267622344,2.1976835376211,-0.714730015881352,-0.761914174701439,-0.672806126084667,-2.46343104138159,0.362771229709312,0.0916825918109621,-0.0395414673810591,0.570020383698277,0.443613382828907,-0.691580746365573,0.306330106983712,0.0768786379017223,-0.0449491114269388,0.570020383698277,0.443613382828907,-0.691580746365573
658,-0.351666066794734,2.14126739110725,-0.189899598032039,0.170099217056258,-1.00180031847553,0.464304853045846,0.224063810159109,-0.109742282663887,-0.044672599317478,0.550803978432921,-0.354009451815175,-0.75583879588705,0.222782802218265,-0.130133471100533,0.0102506057309957,0.550803978432921,-0.354009451815175,-0.75583879588705
659,-1.04438218676878,1.68924094768497,-1.48607719550916,-1.26230337352182,-0.263649079278141,1.4968354667121,0.291789076581874,-0.406882271960869,0.386381849811746,0.701097052361465,-0.712298349483058,-0.0330754364109925,0.259911196518562,-0.391287518904444,0.433014504033634,0.701097052361465,-0.712298349483058,-0.0330754364109925
660,0.293792648412862,0.7175387483382,-1.60597265504032,-0.526817121319506,-0.315174817226627,-0.717578543805148,-0.0208387611844192,0.0260784326318875,0.729741338694182,0.25264360962819,0.239273675331584,0.937506967871362,-0.0589581513890543,0.0544415067087335,0.695441949204891,0.25264360962819,0.239273675331584,0.937506967871362
661,-1.81255759668001,1.57341877661766,-0.57925751053912,-0.516051335996968,-0.00321451194734301,-2.15892845021374,-0.0748501264902001,-0.309949582349547,0.0720257565371711,-0.146510603261637,-0.600769301110001,-0.785882236709618,-0.0412906432114902,-0.261936266529237,0.0736013789555257,-0.146510603261637,-0.600769301110001,-0.785882236709618
662,0.3558647714033,1.61370195828842,-1.69978691420378,1.19817943594834,-0.342543101466673,-0.24370643221149,0.449020635888697,0.103698445033634,0.525326237955154,0.958881534781071,0.0226539240933931,0.282901046267185,0.409580440433222,0.0624375370376466,0.538593055726595,0.958881534781071,0.0226539240933931,0.282901046267185
663,-1.23422981217122,2.33630686468207,-1.8985152040373,0.0824469677218107,0.0683251546660395,2.1103674220514,0.211984563980939,-0.598367610979625,0.164572917152156,0.30702776817297,-0.860513393521804,-0.40651033091462,0.161569367067316,-0.570545436802517,0.153699346247468,0.30702776817297,-0.860513393521804,-0.40651033091462
664,2.06220766014358,0.294675598491825,-0.186199740806786,0.436357768642182,-0.938496148294374,-1.62877068536299,0.00721498708607497,0.121797107645639,0.387317967338522,0.0144525621960694,0.695504476556266,0.718376396143528,-0.0326035419787288,0.0793478006454309,0.380495865146568,0.0144525621960694,0.695504476556266,0.718376396143528
665,-0.660267448666589,1.36280129750623,-0.721903732168357,1.37097972825287,0.28490936864452,2.57679830430554,0.305285882002018,-0.170095029431153,0.188999465546102,0.790541835713885,-0.265112681074241,-0.552049700950693,0.276581244508173,-0.119054552349185,0.186782827192186,0.790541835713885,-0.265112681074241,-0.552049700950693
666,1.20222012313251,1.64379017351889,-0.498675574722809,1.04214357768524,-0.807841485878904,1.47361300068039,0.225127685031052,0.253997378002659,0.115803031061415,0.818841038430978,0.387791804330468,-0.423222010622554,0.208251799991186,0.197896014125105,0.114446021407977,0.818841038430978,0.387791804330468,-0.423222010622554
667,0.552446282723695,1.28075103994711,-0.520130513265349,-1.52243693374248,-0.886731782023728,2.53267383925939,0.138669449651125,0.259256089559397,0.192978223333496,0.0341889746815922,0.93044901098602,-0.364822904935202,0.184436490469728,0.22552802896191,0.207183711816493,0.0341889746815922,0.93044901098602,-0.364822904935202
668,-1.30527070874593,1.72671309403874,-1.4571637398963,0.363608340441745,0.0966021236304953,0.103750027915166,0.140622669997476,-0.487094125287064,0.32394218130646,0.285673234414969,-0.919769886434209,-0.269098790684189,0.113416210616749,-0.472021892416172,0.37360742432661,0.285673234414969,-0.919769886434209,-0.269098790684189
669,-1.82431643016874,1.99456252422423,-2.09881249045885,1.17703161038692,0.972505347126572,-2.24131812278599,0.0157861562099217,-0.522317627513478,0.401312020937956,0.58484904970684,-0.785063496700302,-0.20402670218798,0.0309626099923783,-0.474157335241179,0.431048555686237,0.58484904970684,-0.785063496700302,-0.20402670218798
670,-0.959261105267051,2.41507017046228,-1.48997576493267,-0.0246641965472536,-1.03318248551822,0.41058041417873,0.350362329051406,-0.490150568408186,0.155270628852435,0.580436687158994,-0.790878255820843,0.193919665505265,0.310530030173506,-0.466353373961911,0.191062827759289,0.580436687158994,-0.790878255820843,0.193919665505265
671,0.34147071254734,2.25301980762512,-2.37620531704998,0.946960138432555,-0.673084991021612,0.174803384082842,0.572008182730171,0.101598476767902,0.499218137511665,0.818263397295036,-0.246180470208875,0.519461441047287,0.525360979162894,0.0675750742501454,0.489195838350908,0.818263397295036,-0.246180470208875,0.519461441047287
672,1.70297047298066,2.01606760516096,-2.3140659684808,0.265340736726177,1.01782026413574,1.9492202129404,-0.11265305810002,0.51357249249083,0.373855669514194,-0.32602016464332,0.758971868980699,-0.563624479899417,-0.0610329755433904,0.486218378275828,0.369260072451858,-0.32602016464332,0.758971868980699,-0.563624479899417
673,1.19274094955026,2.14381876952034,-1.96352041673759,-1.51708892479736,-0.083199454566939,-2.16260321435498,0.21370710511171,0.581222038361842,0.326056450189592,0.289285446854049,0.953174266344809,-0.0881631908252437,0.225301400179253,0.537534183967339,0.288761092565734,0.289285446854049,0.953174266344809,-0.0881631908252437
674,-1.59458203163403,1.34323000340593,-0.945288201929092,1.56027393242153,-0.483887641454197,0.177433038403839,-0.0976434280265427,-0.368953393346628,0.300578131406189,-0.485157807518648,-0.833001618890437,-0.265951508229622,-0.121142408398353,-0.315932346701922,0.30897852033678,-0.485157807518648,-0.833001618890437,-0.265951508229622
675,2.02959607975424,0.627987960089153,-0.64640412251629,-1.30926146993307,0.842435439319735,0.12568698905295,0.050095732153934,0.208658615939026,0.336564912636438,0.344181687697852,0.930984594124638,-0.121682584440179,-0.00215147244131048,0.193198751010629,0.358133922543672,0.344181687697852,0.930984594124638,-0.121682584440179
676,2.23427332437629,2.29375045359416,-0.808255660481389,-1.640222321541,-0.646472254755461,-1.3543933456184,-0.269435445631837,0.158480714212464,-0.0784227087296154,-0.532483639703956,-0.294540939831152,-0.793540678359345,-0.225855915761348,0.129002857983578,-0.0526180469721676,-0.532483639703956,-0.294540939831152,-0.793540678359345
677,-1.97942145539226,2.23503617454061,-0.565330016444368,-0.516435037737871,-0.799040733680534,0.93760704094459,-0.0692699857458917,-0.333179379389939,-0.056986465091883,0.0803615036252686,-0.705021360122979,-0.704618272900604,-0.107756078122459,-0.332073956350391,-0.0128095623769349,0.0803615036252686,-0.705021360122979,-0.704618272900604
678,1.55717082439551,2.06065257950385,-2.22364093161284,-0.399580467495397,0.391685018821724,0.0900086221870384,0.0350193713778947,0.583651600551754,0.421218074621066,0.161888872157842,0.98045013303949,-0.111846008843899,0.0165107716750784,0.556547859466123,0.46976515441176,0.161888872157842,0.98045013303949,-0.111846008843899
679,2.25278814720786,0.913589998401205,-0.457898141772142,-0.41630594577766,-0.797959767147941,-2.35862738218545,-0.208189264197949,0.166623615468892,0.36336918051861,-0.783956991762855,0.506218422890986,0.359380499459692,-0.203140043812065,0.143299072931097,0.309848426703876,-0.783956991762855,0.506218422890986,0.359380499459692
680,1.12543274180035,1.20846361525924,-1.63852278458722,-0.652351793055727,-0.451222207231977,-1.35753372782072,0.0612663965170091,0.248330149065456,0.683250298716573,0.0242285697824725,0.665256603529083,0.746221567543611,0.0253733032538886,0.248980085044926,0.63693331004905,0.0242285697824725,0.665256603529083,0.746221567543611
681,-0.172120337371294,2.94867052645674,-1.62745531946829,1.46160911905419,-0.731265368259802,2.40212294244105,0.420561950423284,-0.201653577275064,-0.209334813510317,0.196332747702695,-0.707928772689359,-0.678446980226198,0.393155586369694,-0.150731413243214,-0.218812388077444,0.196332747702695,-0.707928772689359,-0.678446980226198
682,1.19853941098078,2.57775000815579,-1.09997720799711,-1.29474716919133,-0.0977829231550864,0.87374104367683,0.113641384149393,0.341418871361082,-0.178809737259042,-0.0130713971413913,0.22475749353621,-0.97432705375356,0.11147915950356,0.379270736155515,-0.134126842140608,-0.0130713971413913,0.22475749353621,-0.97432705375356
683,-2.08508092162759,0.217088889967488,-1.85871423610156,1.42284459400621,0.0307865089746742,2.1211867284412,0.183570091382043,0.312648970024027,0.644739882941491,0.10170883483959,0.118117704579045,0.98777706026236,0.174961621296846,0.262181460357954,0.616228048365352,0.10170883483959,0.118117704579045,0.98777706026236
684,-0.574443861227605,2.65662955422844,-1.26409338498938,1.29464677992972,-0.872331515028663,-1.62751695293436,0.279109334987866,-0.347839137938538,-0.114104271513869,-0.0895653179581558,-0.819723454854632,-0.565713276651909,0.32673494777119,-0.330742195977463,-0.0845493128335983,-0.0895653179581558,-0.819723454854632,-0.565713276651909
685,0.950046886878912,1.17817744440737,-2.55876218168916,-0.381504818498492,-0.394966164384422,-0.602811897589936,-0.097352316226293,-0.0868381919873407,0.829994482371165,-0.267971799107769,-0.128446197811732,0.954825999410707,-0.133252765038927,-0.0802724262545228,0.784146379952491,-0.267971799107769,-0.128446197811732,0.954825999410707
686,-1.50207173543284,0.748698613688619,-1.12100219841444,0.311512254480727,-0.719255262027056,2.44732485469781,-0.0301087246582857,-0.104567915968057,0.639474981314705,-0.174247716142587,-0.409021387802334,0.895733910120268,-0.0417251027101152,-0.128447624900596,0.587236879681374,-0.174247716142587,-0.409021387802334,0.895733910120268
687,-2.09128409666398,0.727072424565368,-1.32846976268253,0.854786920972814,-0.777269606412871,2.43642451793482,-0.10448544169212,0.0190607224236014,0.664518308339469,-0.587260372028744,0.0394380735135569,0.808436697461341,-0.10677453649808,-0.0206656796995813,0.621500021305738,-0.587260372028744,0.0394380735135569,0.808436697461341
688,-0.367811936494572,0.316665431865218,-0.925663274790976,-0.726102724461045,0.615071146998432,2.61597855304442,0.0588881225692984,-0.0999764878236984,0.45238691124076,0.705184240101415,-0.682321827794819,0.192748828342295,0.00863198709248715,-0.108764868092238,0.423558362557346,0.705184240101415,-0.682321827794819,0.192748828342295
689,0.887084968242679,1.56554215513789,-2.32176850971934,-0.699911486862404,0.0836945730300573,-2.76196254957938,0.205402619627764,0.237517279549484,0.742089835288469,0.490431131214861,0.516642961524701,0.701824305536862,0.219093255887221,0.234032953232444,0.685217821530139,0.490431131214861,0.516642961524701,0.701824305536862
690,-1.02332836328797,1.82312846744983,-2.14453761804593,-1.08788429001043,0.387248775213423,0.393347723484494,0.204239211882154,-0.456488729373277,0.548640136495036,0.192986760067868,-0.959112934941301,0.207022917733258,0.221408774501456,-0.409842499903245,0.579677781310501,0.192986760067868,-0.959112934941301,0.207022917733258
691,0.243492069795331,2.89098822236842,-1.03678151712242,-0.578564851521746,0.0461504571451838,2.0626220932468,0.204056573545907,0.046946186508762,-0.270280583592666,-0.219647875644387,-0.0805569609398793,-0.972247595404092,0.227117732952944,0.00535156967244974,-0.236045064361265,-0.219647875644387,-0.0805569609398793,-0.972247595404092
692,2.32843564560814,2.52656773837832,-1.71891290282211,0.822454019585582,0.964950580692348,0.949998552484458,-0.402527016125503,0.256695668228453,-0.0369945959329131,-0.47815629003904,-0.371109250386402,-0.796017893375359,-0.36231395270316,0.299320849567618,-0.0370532985222425,-0.47815629003904,-0.371109250386402,-0.796017893375359
693,-0.0885803146143163,0.965696855606104,-1.1175283130691,-0.539463799288089,1.00917304614229,-0.327391977244131,0.224417293818933,-0.102079660917875,0.34193704650033,0.648211034053722,-0.494055380548036,-0.579423624201274,0.237441563490127,-0.0627184235483723,0.383350346203127,0.648211034053722,-0.494055380548036,-0.579423624201274
694,2.1771109327641,2.06846011114883,-0.848287266837944,1.50928762280126,0.965969755433104,1.88639758710609,-0.314384615138704,0.178019813307954,0.0388415757978788,-0.785994819428756,-0.307358299595662,-0.536416833722452,-0.265245243100061,0.147875185328938,0.0493593474085612,-0.785994819428756,-0.307358299595662,-0.536416833722452
695,-1.6246407997747,2.50380132568332,-1.43554219405655,-0.66384504088903,0.0511784821518628,1.87437521943356,-0.0318997991905842,-0.500652636063243,-0.0906793094580207,-0.0595694973171407,-0.519510110868085,-0.852385311754733,-0.07444281144425,-0.493465455983738,-0.0510253493671392,-0.0595694973171407,-0.519510110868085,-0.852385311754733
696,0.184407299379114,0.891284835430136,-1.70279252823608,-1.03301232248487,-0.327957811897519,-1.7537108394242,0.0608724198985246,0.0658444891961641,0.731922782507574,0.401762572133985,0.356354649987402,0.843562800901415,0.0791538272955576,0.0764152336348347,0.677259728205824,0.401762572133985,0.356354649987402,0.843562800901415
697,1.58190997728323,1.24261060052159,-2.53909132386377,-0.629760165036098,0.739496926309368,-1.23588428678937,0.0736556840135951,0.0909151578371058,0.770318920821664,0.389403888267057,0.676910045576704,0.624625809585101,0.0172275662469916,0.0853088947813601,0.755539294985124,0.389403888267057,0.676910045576704,0.624625809585101
698,1.32580222393771,1.65905926836338,-2.18855329601004,0.0832765488845504,-0.476005426110486,1.21442327920459,0.0865653557624515,0.322044607446281,0.73534840459389,0.148780961698296,0.437957802495124,0.886598662682147,0.122107282638007,0.283735156707157,0.708831289026029,0.148780961698296,0.437957802495124,0.886598662682147
699,1.10453606625854,1.42767089249807,-2.12019344449001,-1.20184188987821,-0.49899353639061,0.766657102303645,0.0348061401281323,0.259932982478749,0.740139990585506,-0.172554319579864,0.64998991116444,0.740093319912275,0.00840602093162252,0.208238712466811,0.732094112489056,-0.172554319579864,0.64998991116444,0.740093319912275
700,1.44287994678643,2.04442131389049,-1.86651216276091,-1.17908470267228,-0.558057983350586,1.0846019203654,-0.0203633930867205,0.578682635495313,0.38393820193751,-0.375320796944226,0.918492670963176,0.124521133821057,-0.00952266741013316,0.539309004090628,0.425964334483974,-0.375320796944226,0.918492670963176,0.124521133821057
701,1.1628669241815,2.1220065561091,-0.918097837518024,-0.717558328006713,0.179782084582881,0.67186618809316,0.162939968533423,0.323098026944139,-0.0467251062233599,0.231128627522679,0.238413433569912,-0.943259557191385,0.170961531720546,0.356460753659838,0.000778398806570144,0.231128627522679,0.238413433569912,-0.943259557191385
702,1.48082418410348,0.202179432802837,-2.04185192476156,1.60879140155925,0.696872609310112,0.74652582906364,-0.161204508675177,-0.424055725032525,0.570598126261221,-0.664843476123141,-0.231410422115941,0.710234023961554,-0.110734832860758,-0.395201705332599,0.577964086507094,-0.664843476123141,-0.231410422115941,0.710234023961554
703,0.858351627233957,2.4410207415342,-1.88332609198689,0.544002657858323,-1.03360424928446,0.250836631808272,0.468569095012102,0.414379393461166,0.271295810084517,0.852497539432688,0.306683094677178,0.423312443356491,0.436736612406429,0.367619065745643,0.286598254434896,0.852497539432688,0.306683094677178,0.423312443356491
704,0.136519386247772,2.62456225006437,-2.1067683641373,1.42278439120775,1.04606959792112,-0.954032575289487,0.547494354075699,0.240448358457262,0.0927135949710451,0.281761845358206,0.902738928043909,-0.325073361403964,0.576387730972184,0.206286735896119,0.130557436154355,0.281761845358206,0.902738928043909,-0.325073361403964
705,0.582967394937857,1.64647359049797,-1.4478214227959,-0.466393992661627,-0.363944065009034,-2.35578044763362,0.388027512772053,0.294006106686444,0.437446182970299,0.71671067255951,0.664341588534459,0.212075612890322,0.360129005533106,0.287749148911736,0.386294215527747,0.71671067255951,0.664341588534459,0.212075612890322
706,-0.516470235368547,0.833385991240089,-1.38182200062358,0.659828670539874,-0.796554351991924,1.8451933984428,0.0132959123718687,-0.102522914967156,0.685600558399972,-0.0188378799213953,-0.493285057580659,0.869663720208974,0.023319739684187,-0.125406460588707,0.63259238708838,-0.0188378799213953,-0.493285057580659,0.869663720208974
707,2.02658279171626,2.49899241246519,-1.3850241589807,0.526855124810962,-0.0957432241179366,-0.460852469748646,-0.21529963564611,0.457283581082889,-0.0873486165428244,-0.21475713606553,0.547302520231573,-0.808912432749739,-0.221769000962405,0.473480998572594,-0.0314040816974213,-0.21475713606553,0.547302520231573,-0.808912432749739
708,-2.19458229495137,2.77627116591728,-2.4568535908447,-0.0789442166256802,-0.250897974524583,0.192497705161737,-0.413532256703747,-0.583448653712266,0.164506690730855,-0.568016345124654,-0.822821013780233,0.0179725054708489,-0.397638644454855,-0.550878032401926,0.21055609590769,-0.568016345124654,-0.822821013780233,0.0179725054708489
709,2.34756816160187,2.70739205613503,-2.52633397885011,0.925026029176189,-0.0323043668878298,-0.620477890739001,-0.495889945572351,0.510340108882211,0.201582864765358,-0.680409928606291,0.729058902504514,-0.0742660469723278,-0.464116987656664,0.496808450863611,0.248926009744918,-0.680409928606291,0.729058902504514,-0.0742660469723278
710,-0.418289337134809,2.4639774010778,-1.66828525156021,-0.24331201329244,-0.897687884475339,0.94669972042393,0.589180075282478,-0.221030747174612,0.164283228062302,0.960294224006573,-0.22073178796361,0.170623799986996,0.542651436576119,-0.243557424762164,0.191880955812963,0.960294224006573,-0.22073178796361,0.170623799986996
711,1.0900165784787,1.00711282588733,-1.74172937379722,0.772701413698793,1.06606273824164,1.12345377038678,-0.022414952404033,0.21157407915338,0.563500195876032,-0.17719493433618,0.981498639386058,-0.0725422368618058,0.0300126990408788,0.185396025514524,0.563725743325538,-0.17719493433618,0.981498639386058,-0.0725422368618058
712,-1.9324053258343,1.48730424983501,-1.01993366196815,0.0833282256923413,-0.787618596639601,-1.26878649675498,-0.15823716159854,-0.390490296729021,0.410738841746224,-0.379659147977478,-0.837019243501205,0.394027559144898,-0.102417418116184,-0.372826646482243,0.413219103329909,-0.379659147977478,-0.837019243501205,0.394027559144898
713,-0.681300918111381,1.39584251146135,-0.356272725144281,1.10004625031539,-0.23852114124084,1.32244986916337,0.182883996569837,-0.199238507673286,0.0770826451570141,0.372805877774693,-0.573372058933667,-0.729561690010385,0.126817928624742,-0.183772528761843,0.0842519911165044,0.372805877774693,-0.573372058933667,-0.729561690010385
714,-0.986493650747752,0.982578157254771,-1.84173639590351,-1.56687963031531,0.917580621807419,1.05144225284684,-0.0907718125433505,-0.13770212388021,0.684154391597676,-0.465006977246151,-0.736505172197022,0.491252116982139,-0.0751163917717882,-0.0855764468596891,0.705875846328372,-0.465006977246151,-0.736505172197022,0.491252116982139
715,-1.25218903537769,1.56251856103853,-0.643171401425312,-0.394944919127447,-0.61799082595258,1.25850414695592,0.164282514841458,-0.357964829302661,0.189534883376203,0.507465921308082,-0.826840671026582,-0.242513594355556,0.116352627983311,-0.35489936864845,0.223110602232882,0.507465921308082,-0.826840671026582,-0.242513594355556
716,1.28569614193171,2.11621678334671,-1.05801337079765,0.864970507877167,0.0252107293734025,-0.964200300584145,0.118647111732004,0.421104163416507,-0.00279094581669256,0.136519868959733,0.533997963671231,-0.834391095454761,0.120358229432836,0.441132807540201,0.0522538131598017,0.136519868959733,0.533997963671231,-0.834391095454761
717,-2.34986624442703,1.79790008593791,-2.14504745520371,-1.00607394852047,-0.767893967799268,0.0306322868325624,-0.204490643097079,-0.367681136788621,0.639459032738795,0.0689469159414523,-0.765298402652635,0.63997240384214,-0.160632164126893,-0.333569205872223,0.620836197520261,0.0689469159414523,-0.765298402652635,0.63997240384214
718,-2.27426585495793,1.48863367422124,-2.45030609850416,-0.190386115886093,-0.738824010196163,0.407508948006637,-0.0272276529584675,-0.0718815415502597,0.82154613602762,0.229603687140097,0.0736623410251912,0.970492661675688,-0.0156961161483183,-0.0324480288400273,0.779760711126967,0.229603687140097,0.0736623410251912,0.970492661675688
719,1.50005268886983,0.398176437358989,-1.99698695106292,-0.837438603284992,-0.325152467652939,-0.513856718635558,-0.0717050071788489,-0.3571030999429,0.681207382509882,-0.259463829677337,-0.303804476547818,0.916723164929673,-0.107303422272734,-0.350557912048459,0.635121448015398,-0.259463829677337,-0.303804476547818,0.916723164929673
720,-1.81784074592168,1.30778894358705,-0.9214633918086,0.141875747017594,-0.313743364040025,0.913322113782062,-0.102332607526172,-0.377408643590172,0.353855240122106,-0.28660671822814,-0.957976856309652,0.0117017879647969,-0.131255683929097,-0.331938929844172,0.376876117239352,-0.28660671822814,-0.957976856309652,0.0117017879647969
721,0.842119028636796,0.528789077599249,-1.49506131689325,1.44169612984766,0.154211597819356,0.438817273646664,-0.0418700714591269,-0.00294243473731642,0.682553507668284,0.223183947811058,0.478804270734372,0.849079145760864,-0.00617847555846893,-0.0374326129471494,0.651400055385783,0.223183947811058,0.478804270734372,0.849079145760864
722,1.24691220984329,0.854885415133446,-0.877954724934132,-0.676460061950343,0.155258365718215,0.761913143812516,0.103222898429403,0.252849390818772,0.40227587045679,0.408514951993735,0.912684280044013,-0.0110877841834213,0.0930041814785998,0.219648176507443,0.449469696240812,0.408514951993735,0.912684280044013,-0.0110877841834213
723,-0.476465122186747,0.860345306563937,-0.29181771180584,-0.168501089828978,0.0697977021332439,0.7621074841319,0.205757891013358,-0.107140738847358,0.160070006480987,0.75210989480963,-0.401349681711628,-0.522732378105109,0.185230508107932,-0.125685636127712,0.211729597419313,0.75210989480963,-0.401349681711628,-0.522732378105109
724,0.792250390859562,1.3976512713263,-2.14225291552703,0.641001474625873,0.933137957618816,-0.731335200931316,0.143789949935241,0.27807593427333,0.609223989238812,0.273782035572087,0.961771083140318,0.0063071890017702,0.120048022452964,0.2481517918112,0.653663460177747,0.273782035572087,0.961771083140318,0.0063071890017702
725,0.654024030861945,2.67123309865628,-1.38990407327438,0.42808740276689,-0.0768215832199273,-2.20895499243906,0.369184774476377,0.276957952165351,-0.171125904838796,0.36200717940814,0.237358185903438,-0.901449884154184,0.322019951796367,0.300083420535173,-0.145151066740367,0.36200717940814,0.237358185903438,-0.901449884154184
726,-1.8231503816635,0.461903663861072,-1.48022724521565,1.44713539277462,0.293855496347798,2.4284911553162,0.0686538366796578,0.04566858484046,0.67001389033503,0.163142679653367,-0.518474774478793,0.839385712473523,0.0853741798985853,0.0307669939957977,0.615862503345041,0.163142679653367,-0.518474774478793,0.839385712473523
727,1.57310153117641,1.86916159322091,-1.30500965721741,1.46036723256749,0.529689244627655,1.13649775631566,-0.0971896894815314,0.485661929949767,0.206182003986183,-0.503885040942405,0.739963845783294,-0.445593281421599,-0.0578702579219683,0.450101501301035,0.181213259200927,-0.503885040942405,0.739963845783294,-0.445593281421599
728,-2.07993283985915,2.4771305896408,-2.12639567885494,-1.53361063821793,0.595833463640157,0.229053626500896,-0.405443243782416,-0.506646647677375,0.184785096192532,-0.87654419555502,-0.419651074283302,-0.235718580285207,-0.355675293576289,-0.534619824994354,0.198000711315308,-0.87654419555502,-0.419651074283302,-0.235718580285207
729,-0.79385111200107,1.79104012915575,-0.488004135020089,0.469496077267219,-0.1754526428344,0.259499632777884,0.194596030529386,-0.217630478005548,0.000199461307272761,0.285979432692675,-0.403503123078351,-0.869138075188743,0.183190397324815,-0.246292750845192,0.0500230064126607,0.285979432692675,-0.403503123078351,-0.869138075188743
730,-1.49714018485335,0.824710965870877,-2.06354940673174,-0.792458415608143,0.972020763977795,0.800155660862699,-0.110858691857279,-0.010743904022383,0.676719056564267,-0.535148264238929,-0.740615928182104,0.406330385530078,-0.104791952461052,0.0436372432690189,0.697692503881509,-0.535148264238929,-0.740615928182104,0.406330385530078
731,1.55067821031973,1.2556419591603,-2.15336302353749,0.791812260752563,0.818659687376805,-0.816572838422582,-0.095950807513121,0.214657514850501,0.677728064606386,-0.503346656022671,0.815509459559054,0.28563344559154,-0.0871571860701844,0.166098461798484,0.709330130814307,-0.503346656022671,0.815509459559054,0.28563344559154
732,-1.30493921723895,0.542452531648759,-1.93062563477395,0.14662904694704,-0.917470371125343,0.554615574921639,-0.115806026682029,0.346298868435379,0.675579325855743,-0.302173318314317,0.66817478862813,0.67987773720035,-0.138410405464654,0.338065262809493,0.622144788351906,-0.302173318314317,0.66817478862813,0.67987773720035
733,-2.21866305291082,1.44257254486602,-1.75507594386899,1.46305552933854,-0.432388403258715,-0.405676050112595,-0.28692173457029,-0.24749797201153,0.60249090462896,-0.826357353130862,-0.401495322334541,0.394886098856415,-0.27211130759021,-0.190800077801797,0.602497601621917,-0.826357353130862,-0.401495322334541,0.394886098856415
734,0.758855489821734,1.23395472201499,-2.23162307440066,-1.33016404785216,-0.427865035109026,1.8305903890353,0.0169811708465191,0.122641807104142,0.793983360639682,-0.0324127067937997,0.524611721730206,0.850724372438905,0.00797669180778871,0.0650456740829825,0.78801638332701,-0.0324127067937997,0.524611721730206,0.850724372438905
735,-2.23779184004318,0.176285412812992,-0.654082873244936,-0.173477318329886,-0.463932561098413,2.05269485735294,-0.00288268226615663,-0.0297662917384411,0.51620396433456,-0.260562960252607,-0.455784177179898,0.851097954160884,-0.0377026413661326,0.00212829977705334,0.481500859569486,-0.260562960252607,-0.455784177179898,0.851097954160884
736,0.736211160380218,0.961544206600773,-0.997594402700034,-0.7796147055401,-0.714186053237866,-0.742562582486145,0.117986046160039,0.226962085108691,0.529715295203243,0.204035520034999,0.806291276164415,0.55521516959212,0.0669780135422843,0.214314980683368,0.503787870376989,0.204035520034999,0.806291276164415,0.55521516959212
737,0.176913972565989,2.77502662596051,-0.743809253408194,-1.16162745932731,-1.09165851177004,-2.1081174732729,0.202462578233436,0.194732676987127,-0.149793775652657,0.0148854396722863,0.829707518411994,-0.557999872380248,0.155243577053107,0.163326707780955,-0.135027901965228,0.0148854396722863,0.829707518411994,-0.557999872380248
738,1.9647001797544,2.05641594469782,-2.28594800037403,1.51764618031498,-0.835834666355491,-0.0428664892988269,-0.0644186850218593,0.523474675379779,0.507787753691135,0.4442445401139,0.861372271814395,0.246342440371727,-0.0378865258532438,0.473726147534207,0.491815011063472,0.4442445401139,0.861372271814395,0.246342440371727
739,-0.653546724640438,1.48522138628863,-2.41947386714086,-0.560553414211527,-0.517113031063479,-1.43607334970529,0.138956032290835,-0.0416694528247503,0.816304918608476,0.23659357097243,0.149876963124189,0.959979363371517,0.168758974287289,-0.0227209810750951,0.769542326008102,0.23659357097243,0.149876963124189,0.959979363371517
740,2.1096300760193,0.24868107647321,-0.362650565810462,-0.433641970826442,0.35693865935575,2.56388641155651,-0.0596929990161053,0.151989394810279,0.268146080107491,-0.377594637285308,0.91771047146733,-0.123408996643633,-0.00859187378904681,0.132097912385828,0.247482006755747,-0.377594637285308,0.91771047146733,-0.123408996643633
741,-1.91262905897041,2.09370194757084,-1.56103321764007,-1.28016550799725,-0.0179302014800362,-0.217305926881932,-0.189091632622747,-0.542438601123077,0.18353342041936,-0.287025102891372,-0.857916463865034,-0.426140741234059,-0.135138926945445,-0.52881948943027,0.201908004681247,-0.287025102891372,-0.857916463865034,-0.426140741234059
742,1.77684878393032,2.02283591555052,-1.88744594772134,0.518277909202668,0.319331230556174,2.24510860575971,-0.148920340036031,0.561294225531107,0.315394101068392,-0.343567186238775,0.883622567901149,-0.318076635476029,-0.116888293179759,0.523064840078994,0.284629477518748,-0.343567186238775,0.883622567901149,-0.318076635476029
743,1.80172281441849,1.10419727513239,-1.52568821907148,1.00169542659956,0.929114873302076,2.07272314450529,-0.182471100050208,0.209596306484595,0.515243681270859,-0.824681168744954,0.559101253777524,-0.0854795761679812,-0.144153529045642,0.19701481228981,0.472729333620488,-0.824681168744954,0.559101253777524,-0.0854795761679812
744,1.55735827176381,0.355319316707885,-1.8800052082473,0.181515856471087,0.261251269671779,-0.509883382936131,-0.0136289843737515,-0.247357284874403,0.684568984792286,-0.0437529417754734,0.214708491285305,0.975697670313904,-0.0280900961013761,-0.298179952310093,0.659232593527498,-0.0437529417754734,0.214708491285305,0.975697670313904
745,-1.13838179438409,1.33472464782137,-1.6347865902927,-1.33112856303856,-0.809699854211441,0.621145024399979,0.246150824598619,-0.211930331409848,0.599381220824507,0.879063631520929,-0.226150131801599,0.419646577042344,0.216805340682039,-0.1614802324602,0.604637653994679,0.879063631520929,-0.226150131801599,0.419646577042344
746,0.736047342108224,2.53365275325047,-1.34894206448888,-0.635783606390557,-0.725198427415674,-2.55037799854937,0.347602475960679,0.417917812698483,-0.0329029827867277,0.3404520625457,0.839835314035565,-0.422810877825019,0.31616142275492,0.375878282320086,-0.058944066843972,0.3404520625457,0.839835314035565,-0.422810877825019
747,-1.29205935186855,1.1940602859734,-1.18381646987468,0.229893525939978,0.612193145080921,0.510045235330995,0.117474408075086,-0.314567898755415,0.344264857264346,0.362242394262191,-0.7898261577636,-0.494929377094939,0.0818466582717631,-0.315739841984138,0.390776038640661,0.362242394262191,-0.7898261577636,-0.494929377094939
748,-1.83470949462846,1.96755586808807,-2.38733748939892,-0.442386900514591,-0.467082469406729,1.36460814602557,-0.0822380288661758,-0.450386142052738,0.664661094887701,0.0340233427858777,-0.613058102564041,0.789304868239296,-0.115547851511866,-0.402514631403918,0.658936220783188,0.0340233427858777,-0.613058102564041,0.789304868239296
749,-2.04052843133293,2.29675099011606,-1.97786725368546,-0.887351724746052,-1.0716735126899,-2.07725341485147,-0.142116602630327,-0.569203650626039,0.360856800632459,0.338573844573052,-0.837078449152925,0.429729475059318,-0.143161048588608,-0.557261350623853,0.303495745871428,0.338573844573052,-0.837078449152925,0.429729475059318
750,-1.36948682894737,0.762280356501324,-0.363515325014154,-0.732817399380634,-0.884764031218753,1.5985072687418,0.13963201763054,-0.184513247450882,0.350259436339871,0.662984581496003,-0.660031789287349,0.353283854469336,0.0837512126586453,-0.178699333126364,0.366918789146036,0.662984581496003,-0.660031789287349,0.353283854469336
751,0.789425699354576,1.88841262214138,-1.72766265580349,0.627661528491957,-0.585104500995763,-1.08501768054809,0.418302012563187,0.33534735272246,0.461228612276751,0.838896284925459,0.385144334141558,0.384599616506463,0.366200147628687,0.331456857494262,0.487766504378923,0.838896284925459,0.385144334141558,0.384599616506463
752,-0.672456157589277,0.769388356869166,-0.918188245603764,0.778282120031764,-1.07599921916407,-0.814372296176798,0.0169959231188837,-0.163094266085961,0.559502192266625,-0.138354324515322,-0.679630521518896,0.720389085916674,0.00232472330031642,-0.106398527080755,0.561587635753555,-0.138354324515322,-0.679630521518896,0.720389085916674
753,0.425992642806342,2.87576894324645,-0.665589696055491,0.126718454954525,-0.891272400767342,2.18172108824732,0.217576606117476,0.0796522703893848,-0.234834596180168,0.33872927736254,0.0457509475936331,-0.939770890936581,0.193797466954506,0.0330539967729756,-0.208430932861637,0.33872927736254,0.0457509475936331,-0.939770890936581
754,-1.14277993317609,1.46687040296613,-1.75920335900748,0.846735923235336,0.665057140380266,1.7132211889307,0.243907814057051,-0.319638741009534,0.505518940814794,0.786811155233202,-0.610870071572287,-0.0881246938029477,0.196216011385308,-0.318860285826261,0.471476526601829,0.786811155233202,-0.610870071572287,-0.0881246938029477
755,1.77486354061303,0.404201714879461,-0.940923258271242,0.00798669661279794,-0.361105758697275,0.500549425195005,-0.010346072055659,0.0456534683009028,0.584459327995449,-0.109269274842912,0.541908731686032,0.833303757400469,0.0228085507262558,-0.00222430315024191,0.577940893439446,-0.109269274842912,0.541908731686032,0.833303757400469
756,-0.697752877148859,0.74118408864627,-1.92582226977474,-1.3234940587381,-0.768461235813119,-1.01159866694953,-0.0138355569979355,0.180025296026399,0.722161386369127,0.470630751438126,0.48481430931422,0.737198603691679,0.00828993789645876,0.166103878611842,0.669714683776421,0.470630751438126,0.48481430931422,0.737198603691679
757,0.444800868502826,0.59146376410224,-2.41013888321157,-1.62313731816316,0.602275240967772,1.0289184482122,-0.295055992784809,-0.260422401743624,0.681774874464838,-0.0264854231257853,-0.639347359801013,0.768461759541308,-0.341084186699737,-0.235995099981294,0.654966064466222,-0.0264854231257853,-0.639347359801013,0.768461759541308
758,-1.78834093241219,2.18961010641149,-2.16928153396931,-1.2525598895151,0.397810025003599,-2.00743974031633,-0.20070223404844,-0.58439950416621,0.363370708300049,-0.559565908889737,-0.826661413702041,-0.0593034628377305,-0.184107565047305,-0.550099553521463,0.318849585824187,-0.559565908889737,-0.826661413702041,-0.0593034628377305
759,-2.08369250063744,0.538346100110494,-2.52627344161856,-1.02516728193878,-0.942386788239761,-2.61201668960615,0.357434126521485,0.364016630299903,0.562093307591603,0.922283734595098,0.228447641872624,0.311776182259255,0.31187671617428,0.348871984501935,0.595696314393233,0.922283734595098,0.228447641872624,0.311776182259255
760,-0.905392431204916,1.61446865306303,-1.60698138042274,1.63295672731468,-0.132638445140114,-1.97006311497426,0.275210417969873,-0.391659068540488,0.461884477340703,0.506566716352903,-0.859289433493543,0.0707942891043087,0.268889583864329,-0.351200459153316,0.503802826338087,0.506566716352903,-0.859289433493543,0.0707942891043087
761,1.31028531521116,2.25155620821065,-2.34941239287265,-0.0975241837109182,-0.454946176256588,-0.526480510391709,0.144391929920692,0.57885778330982,0.506597237208149,0.165348317193528,0.786396251611519,0.595181375256837,0.10632457257154,0.535293707087295,0.515927165789335,0.165348317193528,0.786396251611519,0.595181375256837
762,-0.328749994675999,2.6191868082616,-0.845441741931408,-1.6016531203887,-1.04401417625193,-1.48650851499402,0.276090880175552,0.0801331655975029,-0.106644782965279,0.198952856236696,0.845035320473374,-0.496319522231116,0.225611413494604,0.0659760662845414,-0.08046463814807,0.198952856236696,0.845035320473374,-0.496319522231116
763,0.463066041872978,2.77443598119926,-1.75042813858023,-0.187854579816366,-0.880292827444004,1.216034612174,0.550435471443661,0.307102630509748,-0.00347769352348942,0.819176128174944,0.569906543488008,-0.0644748223561621,0.546862851272043,0.253463039013962,0.019846770227573,0.819176128174944,0.569906543488008,-0.0644748223561621
764,-1.04078137237842,0.283381778050865,-0.650527533997286,1.31615084543165,0.605401843691653,1.90726873150997,0.143619894429396,-0.0363305544865159,0.405251312762703,0.880500101170996,-0.413335862384451,0.232105658493644,0.120042699596748,-0.0319013061990811,0.35178639301684,0.880500101170996,-0.413335862384451,0.232105658493644
765,-0.733151865609535,0.697310298326584,-1.64356520011447,-0.8035135241042,-1.05086672537887,-1.16838830842059,-0.022705411413233,0.18234625470243,0.693690832525232,0.22242116615125,0.64037273230479,0.73515412572359,0.00374845388035419,0.178356188943659,0.641553778654982,0.22242116615125,0.64037273230479,0.73515412572359
766,-1.22323170324128,0.729516539181316,-1.71691369926701,0.122504509935347,-0.825005857321525,-1.73664307374177,-0.0669555417213409,0.138627217610338,0.744754866225864,-0.192737483695801,0.268526633580017,0.943793255663969,-0.0155553494863493,0.142930222865779,0.716942919440758,-0.192737483695801,0.268526633580017,0.943793255663969
767,-0.0536292822711548,1.30721140199407,-0.778281490580906,-0.659833539213812,0.674470966626565,2.33803185103552,0.279874526728593,-0.0871248253429697,0.167213893891158,0.473935676224659,-0.408795326345982,-0.779917531511606,0.24288297155567,-0.114132780899698,0.203767897536921,0.473935676224659,-0.408795326345982,-0.779917531511606
768,1.24929513382082,1.10148225325359,-0.816101030907776,-1.53802318049921,0.253910077656226,-2.19193113873827,0.14916391866216,0.296253244387404,0.321790853882463,0.537565233869064,0.819499214993151,-0.198606787298192,0.149707100146714,0.245917365555391,0.291790782947818,0.537565233869064,0.819499214993151,-0.198606787298192
769,-2.11774238980029,0.313024164374785,-2.49850717276208,1.50184437454404,0.0553695124815936,1.44834769364943,0.302065677827442,0.475600372432518,0.560109108185358,0.380948762367878,0.519455683678687,0.764881581125007,0.262885468093327,0.432146432706112,0.563375036452271,0.380948762367878,0.519455683678687,0.764881581125007
770,0.423259842436742,2.24514732157058,-1.78682911744402,1.14799293963791,-0.0139515801426309,-2.17695100756362,0.566058683780512,0.252969609753531,0.189109856081126,0.85674164293735,0.371988433924358,-0.357237123327789,0.527865825042161,0.280415476968667,0.224067400534384,0.85674164293735,0.371988433924358,-0.357237123327789
771,1.47155237377666,2.04145920627188,-1.63544792041552,0.721544440823731,-0.17869314411014,-2.50986832646597,0.0793198806509713,0.580981297123844,0.271205932962163,0.213570830624881,0.959886672917269,-0.18167299045817,0.0269088233594701,0.555241878356189,0.26624978575992,0.213570830624881,0.959886672917269,-0.18167299045817
772,0.400552400527027,1.00148714575944,-1.56801875250034,0.283889415412025,-0.404895043307621,-1.99313005470509,0.147827361060141,0.0411898253047171,0.711716980278121,0.503090259262642,0.0932167696582088,0.859191960442796,0.120580558814861,0.0839236459686151,0.682298748875258,0.503090259262642,0.0932167696582088,0.859191960442796
773,2.31628255729044,0.460775907027392,-1.75080838642241,-1.52362653263342,0.927604889206491,-0.717002732164676,0.237000320380125,-0.0317581707139688,0.635878194023745,0.483935125404204,0.654137997847626,0.581300502470036,0.179830410682408,-0.0445095058256848,0.637611652423475,0.483935125404204,0.654137997847626,0.581300502470036
774,2.30512098084032,1.6928067438705,-1.1948118187706,-1.02918551527348,-0.624771599268052,-0.0830454274011978,-0.38402376683097,0.281453855819301,0.310841831369997,-0.951005048269831,0.305516476352805,-0.0474244751395673,-0.363909915299362,0.233771173153726,0.338333552858084,-0.951005048269831,0.305516476352805,-0.0474244751395673
775,-1.32182472552223,2.80460182167181,-1.88827172046562,1.49415422882794,0.691591793701757,-0.850067556279358,0.254883077164748,-0.509181628743593,-0.0941877996264681,0.735621904686125,-0.312719127157882,-0.600888642641522,0.218692444806559,-0.542857199022404,-0.0627204499460255,0.735621904686125,-0.312719127157882,-0.600888642641522
776,-2.25438367465505,1.12070285977933,-1.62910119111615,-1.34116813120366,1.03047909765497,-1.75186590205716,-0.250192808461715,-0.0551128931233368,0.572839867973825,-0.985516327178682,0.112348897274837,0.127024777682818,-0.223336392780549,-0.0783683131650066,0.526236022902351,-0.985516327178682,0.112348897274837,0.127024777682818
777,-1.5804425257595,1.58987085798933,-1.32850323942311,-1.47904564842069,-0.292042304961809,0.479273981409899,0.0503911991775816,-0.466182603721834,0.356080212580408,0.277531717226557,-0.950470357549915,-0.139936576177266,0.0785328304661503,-0.425828947085512,0.387917784480541,0.277531717226557,-0.950470357549915,-0.139936576177266
778,2.33146268895929,1.3866823900968,-0.87275456801429,-1.59447040599313,-0.763021950275139,2.25819359307729,-0.328229790920858,0.15351437018068,0.262024852211229,-0.949406893314882,-0.00460939247741484,-0.31401481561731,-0.30345635476011,0.192569939986872,0.298010117638944,-0.949406893314882,-0.00460939247741484,-0.31401481561731
779,-2.13765631736593,0.239878072580308,-1.16780088627739,-0.526283223324627,-0.616415515128774,2.28335743932757,0.130177042058193,0.0989250187920277,0.625297582009049,0.241915271008071,-0.160767685508773,0.956885966533758,0.0783718797712382,0.117190050557698,0.604886463102401,0.241915271008071,-0.160767685508773,0.956885966533758
780,0.862783144392054,1.20727766464578,-1.58851667548097,-0.972890039143038,-0.576012570415245,2.17240637089515,0.101097852919152,0.251540607728458,0.654640200938881,0.0546075949908053,0.756040144385052,0.652243290994664,0.132453071683616,0.202046425016982,0.655724698036871,0.0546075949908053,0.756040144385052,0.652243290994664
781,1.9850657756069,2.36593968477243,-1.97494780775932,0.275667166363285,-0.654724903719847,-2.10781297315245,-0.232529128112294,0.60408832442218,0.308879903077578,-0.223485273352654,0.920025319743668,0.321881567700065,-0.269769201901281,0.564930549050232,0.286211741879307,-0.223485273352654,0.920025319743668,0.321881567700065
782,0.884372909826633,2.73074844558101,-0.739393168408519,1.0648244029388,-0.60363460802409,-0.640109887253147,0.205649106218898,0.102437431459266,-0.200412574768758,0.378118011051823,-0.321939304683702,-0.867975721905854,0.23103898650562,0.139481278130935,-0.162768087751509,0.378118011051823,-0.321939304683702,-0.867975721905854
783,-0.383172538581904,2.80153028164746,-2.30593671439825,0.103179503700461,0.266136879421259,-1.24150841048989,0.619355024121848,-0.242567712234016,-0.0077831666081622,0.73503353219544,-0.26708610381403,-0.623210012514029,0.620064860780022,-0.197807209055608,0.0300320880800515,0.73503353219544,-0.26708610381403,-0.623210012514029
784,-1.42426336069071,1.31110140977114,-1.68199992048604,-1.11491396676,0.86418196097205,-0.336427575643772,-0.0831291778715414,-0.325807959217417,0.531419990074315,-0.568931702889806,-0.822279529725528,-0.0131564600584639,-0.0263740528401404,-0.322740201729087,0.545683392426588,-0.568931702889806,-0.822279529725528,-0.0131564600584639
785,0.80256893598648,0.751665965313412,-1.41853675524995,-1.48420411610686,-0.00893438711927375,-1.30153580915534,0.0822342071469405,0.087731733462983,0.655174217527944,0.499687450001209,0.529950409501431,0.685175171602529,0.0738722944609991,0.102193218072986,0.599005330418555,0.499687450001209,0.529950409501431,0.685175171602529
786,0.867903007901329,2.27083562011638,-1.6115189052997,0.193988065917646,0.510011368652558,0.630886100801997,0.320184923601166,0.407863000355309,0.0371776129706196,0.234896268426931,0.422827760787015,-0.875237355113995,0.357164860581741,0.394454174644457,0.080613630904687,0.234896268426931,0.422827760787015,-0.875237355113995
787,0.382786670690969,0.356526698413736,-1.65374192819227,-1.53803486143861,-0.206109775088007,0.892779250546876,-0.196524379422758,-0.0369605701387402,0.683075570975692,0.0857133920653796,0.25501398977669,0.963130873474016,-0.245096904277519,-0.0344364621372,0.650390119961056,0.0857133920653796,0.25501398977669,0.963130873474016
788,0.35456354343325,2.9150523289093,-1.49015883446276,0.916195204008239,0.15253070318684,-2.70674401586469,0.357109301030475,0.157668417324123,-0.267681530339099,0.0879112127857696,0.161069590039451,-0.983019941726036,0.327767384940284,0.190801062040673,-0.229272158901349,0.0879112127857696,0.161069590039451,-0.983019941726036
789,0.0578378892506364,1.30874236244274,-2.02853947101659,-0.88883290104644,-0.134944675516458,2.3732399320459,0.230232781481435,0.0342085332510077,0.747789358065504,0.617027012026888,0.140347320124585,0.774325704185918,0.211405305818245,-0.0172075184386117,0.726910761637526,0.617027012026888,0.140347320124585,0.774325704185918
790,-0.852767366924453,0.960529401353,-1.67914921421125,-0.00225046987952648,0.688499320934765,-1.4988072593517,0.138028286649715,-0.156262631847942,0.590345995103392,0.652296229745336,-0.748864148472677,0.117098743769149,0.150296197714283,-0.0989666018617473,0.58953155914343,0.652296229745336,-0.748864148472677,0.117098743769149
791,-2.25128342772964,1.00796911518045,-1.83866353420501,1.07478009521723,-0.798475615082645,1.77800845272396,-0.115701159659196,0.0472323173186006,0.73688970400311,-0.585962740139654,0.277376692031833,0.761386785993496,-0.132063881153309,0.0173347747523716,0.689220025025728,-0.585962740139654,0.277376692031833,0.761386785993496
792,1.70159276376403,1.7196135994035,-2.51717245194258,0.0257921142614925,0.469164712474445,1.11767154869031,-0.0540809018394489,0.383181992168082,0.684307641718491,-0.130864541250016,0.905407288826947,0.403871406740389,-0.00617651159349931,0.349667589092551,0.688301910319201,-0.130864541250016,0.905407288826947,0.403871406740389
793,0.0761538965638486,2.00331148536375,-0.73165689567061,-0.725481975426941,0.226300127856723,2.19738869982552,0.300594258222858,-0.00452112038592694,-0.0403978504187998,0.22244738489264,-0.132332866562621,-0.965921929237423,0.298778762664737,-0.0458726897591446,0.00108409368041548,0.22244738489264,-0.132332866562621,-0.965921929237423
794,0.674976405544214,2.37841503700645,-1.37000286311934,-0.318348966528589,0.82885845473328,1.17664990265031,0.311820304750067,0.194848654604805,-0.0720451538275627,0.0280219178916363,-0.273103178650819,-0.9615765314984,0.356137898867412,0.192760750303907,-0.0337621091827002,0.0280219178916363,-0.273103178650819,-0.9615765314984
795,1.53855904426659,0.187154596346248,-2.33020414852101,0.142734151866992,0.782253514425109,-1.33186026154545,-0.0341556030806297,-0.421274548025402,0.577283677206541,-0.096461468850409,0.119952092488362,0.988082324776071,-0.0753538863444212,-0.44015340539317,0.540131420201026,-0.096461468850409,0.119952092488362,0.988082324776071
796,1.29848890869123,1.95976403715948,-0.802212456533218,1.30138996660492,0.588499461987698,-1.65690166900775,-0.0110051822532754,0.341976880715778,0.0127892276933838,-0.442879915217447,0.40350015916187,-0.800652860016958,-0.000479214804801908,0.368426248949853,0.0640106580647815,-0.442879915217447,0.40350015916187,-0.800652860016958
797,-2.15213348800743,0.590970611765003,-0.81858748581009,-1.22458517497357,-0.613147523659605,-0.262482036702373,0.00469510893985072,-0.182002712164451,0.485988744338134,0.0585486275917401,-0.896608968390123,0.43893554881044,0.0491170680647694,-0.151023105179604,0.463606753842013,0.0585486275917401,-0.896608968390123,0.43893554881044
798,-0.163704761168606,0.410735965431982,-1.33216513254105,-1.39650359727258,-0.732311767864134,1.40005714114823,-0.0537935171134724,0.136607390892945,0.617690351631449,0.401577555226822,0.601049154581341,0.690995934080009,-0.109951652857604,0.120313003432028,0.613848903074295,0.401577555226822,0.601049154581341,0.690995934080009
799,-0.779585242475928,1.01908266381259,-0.574486088880874,1.58960460226597,1.02985813843647,0.433069438940469,0.265937405487731,-0.0327286029803199,0.282258921119504,0.949617322659547,0.266451477035664,-0.16501682002277,0.236877982309552,-0.076545068803344,0.256380991385244,0.949617322659547,0.266451477035664,-0.16501682002277
800,-1.25593475272708,0.982470224896657,-0.926721837227699,0.243160742970531,-0.65945386091113,2.5897373404924,0.0561934933640531,-0.259076357038218,0.523338821228464,0.0985661555579461,-0.778976264430392,0.619258179140654,0.0451923322289315,-0.261261512141351,0.465821871110657,0.0985661555579461,-0.778976264430392,0.619258179140654
801,-0.772103694516381,0.579950761587263,-1.76506541480072,-1.27585239935057,0.59712418936374,1.65356335938941,-0.136727821944398,-0.00970565242790039,0.689948601289164,-0.0891995514751328,-0.664054190294906,0.742344577920801,-0.17575921347129,0.031288277868253,0.674781262882292,-0.0891995514751328,-0.664054190294906,0.742344577920801
802,0.410302923904905,0.380795520736759,-2.09391900107186,0.908175973829176,-0.321952403717613,1.91573287988615,-0.3569371799049,-0.206267526754952,0.661949731625315,-0.272274191334691,-0.390465989066895,0.879433383557306,-0.302924437312387,-0.189963884518525,0.646112595285007,-0.272274191334691,-0.390465989066895,0.879433383557306
803,-1.72526968787178,2.12996608009328,-2.10012648438095,-0.340289582714399,-0.35367167586006,2.38905946165815,-0.0690597023514502,-0.595662028166178,0.456555216853622,-0.0269991495205181,-0.924687784918813,0.379767753169103,-0.110648694989255,-0.569819554516259,0.4243601512841,-0.0269991495205181,-0.924687784918813,0.379767753169103
804,1.5946884535026,1.93603497335721,-0.461344545709487,-0.935563442472484,-0.955481609547214,1.00605902070157,-0.133643200055595,0.302327447888124,0.0433401087231968,-0.671005408820668,0.565789215335257,-0.479201737417262,-0.0991540410377522,0.318945958713629,0.0877058951828612,-0.671005408820668,0.565789215335257,-0.479201737417262
805,0.16550038446923,1.6190289342465,-1.94144407605285,1.16348425332091,0.709749530120542,-2.73233386789914,0.3910227977954,0.181743548216947,0.53858225665875,0.689099982724848,0.721714488152732,0.0653407330771164,0.333659365072029,0.188889234544034,0.528971026086856,0.689099982724848,0.721714488152732,0.0653407330771164
806,-0.119176578974189,2.82507907816375,-1.44894035660797,1.15406865618952,0.0780730516294021,-0.37245955888727,0.416460932059593,-0.0355770234682818,-0.234988531739377,0.253748952790814,0.0414379347496761,-0.966382101718181,0.436364730772384,-0.0736960266648895,-0.195179231417747,0.253748952790814,0.0414379347496761,-0.966382101718181
807,-2.2410586079456,1.58232074043549,-0.434660495267444,1.34624130317619,-0.471693148405473,-2.07595890251019,-0.236800706903929,-0.163030357804037,0.0598342736045635,-0.67232250581344,-0.135024930513609,-0.727839760054734,-0.213037380871006,-0.204553423619491,0.093674181127169,-0.67232250581344,-0.135024930513609,-0.727839760054734
808,-2.35557540179644,1.05555696788715,-1.27541885164672,1.08549117563668,0.381189436944447,2.33435794634192,-0.164429803424739,-0.254508536529777,0.503877831962572,-0.429504083202224,-0.895688372970563,0.115189326927294,-0.143000462687771,-0.232103460360149,0.454150616904698,-0.429504083202224,-0.895688372970563,0.115189326927294
809,1.74743503020006,1.0991868093445,-1.43820642371509,-1.09847437939067,-0.0738091044618572,-0.246594186897506,-0.0634631839308551,0.280495367534588,0.595819387634726,-0.221766620110194,0.868717155343879,0.442888327026283,-0.0993896770120729,0.234789194507095,0.588455092551958,-0.221766620110194,0.868717155343879,0.442888327026283
810,-1.7538501968544,1.96544322672831,-0.386104126023914,-0.239313566205354,-0.711842110728527,-1.15923454280386,-0.0258280061102324,-0.30952709392946,-0.0091757088724944,0.0262483853531442,-0.708798555510545,-0.70492242833699,0.0172387603941193,-0.29555031829457,0.0280251428074281,0.0262483853531442,-0.708798555510545,-0.70492242833699
811,-2.07940157435167,0.327048561814567,-2.49743844328912,0.166421315785576,0.138459368667287,-1.10442559102233,0.265737718095978,0.464784333376856,0.583867876191795,0.274554054841519,0.445470304837843,0.852159772858212,0.300551956043406,0.450973804659409,0.538798616904733,0.274554054841519,0.445470304837843,0.852159772858212
812,0.549936582072685,0.730938341729525,-0.917410247978937,-1.59170021487736,-0.600369904754443,2.3425620454152,0.110936118615985,0.19450878893615,0.461714431137917,0.384816686301353,0.898395344757787,0.211664646225068,0.118539945342976,0.145092321797158,0.492279028217002,0.384816686301353,0.898395344757787,0.211664646225068
813,1.26496853529101,1.66414152828908,-2.39617070068556,-0.990651035984374,-1.07160928315104,2.63706444982826,-0.0723750596288115,0.239189623515751,0.729648620937494,-0.707711734209836,0.19746372376133,0.678345176926921,-0.0143999295953629,0.241370107706609,0.737902697887593,-0.707711734209836,0.19746372376133,0.678345176926921
814,-1.35602835219974,2.50571729724961,-1.77622091759132,0.78736041305519,-0.74691942155521,1.30827248391455,0.0447449408600749,-0.631837224266531,0.125892176161621,-0.283852394238701,-0.957254143599389,-0.0556086580197584,0.0124747525194802,-0.584904634493223,0.112109325889167,-0.283852394238701,-0.957254143599389,-0.0556086580197584
815,-2.10317184215171,2.17586480353878,-2.26666107544744,1.59618592799581,0.204443639000582,-1.30254180327803,-0.277003563809454,-0.546496946834722,0.441431298863902,-0.313831625704568,-0.932549760232356,0.178495533272413,-0.274735336146136,-0.502362690193818,0.479915354445689,-0.313831625704568,-0.932549760232356,0.178495533272413
816,-0.32042627812516,2.78662787946114,-1.32935999058014,-1.437430417786,0.34940844292385,-0.287279755141111,0.333975513476292,-0.17892279843848,-0.224571658455679,0.0286211701806905,-0.367003571468595,-0.929779117396591,0.342635060528769,-0.123192955657196,-0.20865949743276,0.0286211701806905,-0.367003571468595,-0.929779117396591
817,-1.66268317193001,2.3477945820763,-1.27261833761297,-1.35896009766671,0.879411688309126,2.08079049211461,-0.181097834169814,-0.400807543476251,-0.0116531336415651,-0.769763694109775,-0.145689679946191,-0.621480790039121,-0.178930061970719,-0.414699291189785,0.0452355305118176,-0.769763694109775,-0.145689679946191,-0.621480790039121
818,-0.250327692904756,0.205129671484256,-0.471230923115241,1.44376221867638,-0.0466121049940225,0.394687602918995,0.127676636195527,-0.0415730246458176,0.384688035491137,0.894555078519659,-0.276444988947505,0.351211303321093,0.0874817342115625,-0.0763620705043787,0.360028511109056,0.894555078519659,-0.276444988947505,0.351211303321093
819,2.32224990273824,1.29908445293485,-2.02852916699185,1.20855914069113,0.415094659693782,-1.85685504561021,-0.220805682874307,0.130089914996103,0.711324069690809,-0.774369224168357,0.276440823799971,0.569150925148762,-0.192329500550445,0.0789168661968906,0.71342790353682,-0.774369224168357,0.276440823799971,0.569150925148762
820,-2.3136765807755,0.634811962423294,-2.06118496356941,1.32438932980728,0.459271214726862,-2.08033135893899,0.189180067802208,0.0840823793752668,0.735724645323946,0.208970622276021,-0.408027963313338,0.888731939439526,0.227793882538835,0.104113946405917,0.696460034874051,0.208970622276021,-0.408027963313338,0.888731939439526
821,-0.35246542194275,2.02624841447124,-1.779629547529,0.321307558927414,-0.635418851314663,-1.75427777999008,0.523544090999477,-0.229289089077615,0.429197565140579,0.764941912235073,-0.481079868699824,0.428282652973372,0.518574406216739,-0.171430548400783,0.421343171216942,0.764941912235073,-0.481079868699824,0.428282652973372
822,-1.37453377652029,2.17291404929164,-1.94878000182967,-0.758398504052185,-0.0400608390132551,-1.57875208040482,0.128117516384628,-0.612152008157842,0.306497532757741,0.220810019434109,-0.969368280752917,-0.107554970074113,0.152735626643484,-0.567273068249838,0.277969837442196,0.220810019434109,-0.969368280752917,-0.107554970074113
823,-0.684880475058436,1.95923633282934,-0.742271369013318,-0.024991186210447,0.257785725644619,-1.0204510151475,0.229158010807772,-0.186914109915867,-0.0306002498459621,0.137190894591454,-0.1202781163263,-0.983215049302132,0.268077515935695,-0.165939594345525,0.00786196300232631,0.137190894591454,-0.1202781163263,-0.983215049302132
824,0.536556668116166,0.959313011906915,-1.3287611786178,0.128194576770681,-0.98347748154299,-0.355609816727319,0.0968667403041647,0.0355992723780936,0.690363722327861,0.168933330609463,-0.0233381528875703,0.985351135600396,0.0459911088437383,0.0249256751222502,0.663312947013225,0.168933330609463,-0.0233381528875703,0.985351135600396
825,-1.32545844469728,2.7522259875986,-0.883785893249451,-1.26652486293942,-0.308268348237013,-1.09617306654438,0.107486473254376,-0.199921264052974,-0.227069494735417,0.254056070295481,0.177122596919102,-0.950832844829548,0.121999640002493,-0.167636349639026,-0.180367757163616,0.254056070295481,0.177122596919102,-0.950832844829548
826,1.12875999545649,1.16736043480047,-0.256646857495554,0.824883332537274,-1.05500781474375,1.44220467674929,0.216018967098308,0.173412191995641,0.234356353626078,0.906155923032525,0.421097198852614,0.0394790105189271,0.203235628861514,0.119626315010595,0.214922730688674,0.906155923032525,0.421097198852614,0.0394790105189271
827,1.94057165237581,1.13975244208341,-2.38911940702544,1.17094023080695,-0.890800047560298,0.280157636207877,0.157840101429771,-0.030228475093243,0.772192753865317,0.721504773956396,0.120351923062185,0.681869691197199,0.16432088272136,-0.0299273440239767,0.713952657763664,0.721504773956396,0.120351923062185,0.681869691197199
828,1.9581206064486,1.6322047217045,-2.43601418007561,-0.194858613895808,0.41985154747954,-1.34869414836976,-0.121735624535644,0.334654864937398,0.700583526688181,-0.26120320698385,0.849275085073152,0.458807927716319,-0.156819648313093,0.289419833384641,0.68805742609764,-0.26120320698385,0.849275085073152,0.458807927716319
829,1.86567468885787,1.45614732364567,-1.99897017978391,-1.00265872732383,0.767927683445546,1.36557158475305,0.00760530155067596,0.357149079428184,0.595822393642675,0.327332724112963,0.93702062472725,0.121842671345226,0.0199950922151236,0.311048808000258,0.629811481032052,0.327332724112963,0.93702062472725,0.121842671345226
830,0.764423664572976,0.459631817155853,-0.53250746956274,-0.148671025356393,0.330783366089159,2.28579645284726,0.14309300556578,0.126422908068528,0.304263876715832,0.744182317992861,0.646944803233661,-0.166298223549536,0.139907102951948,0.0710932457302631,0.285225008838021,0.744182317992861,0.646944803233661,-0.166298223549536
831,-1.83451081237426,1.86342219172697,-2.52238483956138,-1.34802457997224,0.890854949148857,0.269142466934297,-0.241176830481899,-0.338734339539871,0.629025794737322,-0.882921774024105,-0.360611261489553,0.300680326993702,-0.189590418884364,-0.345497856788156,0.655990530466083,-0.882921774024105,-0.360611261489553,0.300680326993702
832,0.679557821659264,0.823588121237158,-1.05583161373421,-1.3883480581377,0.320069416766951,-1.82955349770399,0.220160046350182,0.102228157745944,0.495454667675012,0.909382663854601,0.336931565282609,0.243926814837813,0.198833435440141,0.0950858826615179,0.441342159197673,0.909382663854601,0.336931565282609,0.243926814837813
833,0.560421124428265,2.89913607152997,-0.937816694713116,-0.554618968560613,-0.0924801131931769,-2.68498629650946,0.151193822998811,0.107264428838336,-0.268436387807473,-0.214276707295267,-0.077048893562159,-0.973729408363302,0.122414594807578,0.081877597155993,-0.224150218388011,-0.214276707295267,-0.077048893562159,-0.973729408363302
834,0.108878290764958,2.95245647501904,-0.806329298501472,-0.339835054095383,0.199242675657071,0.413612746817871,0.0669004945227998,-0.00402134964121633,-0.232105979669302,-0.61361254093847,-0.133435555700969,-0.778250989127421,0.125262442624686,0.000909884992094748,-0.233994349003921,-0.61361254093847,-0.133435555700969,-0.778250989127421
835,0.0361643321214991,0.568314085776274,-1.85593014579704,0.00377269057621366,-0.786453807569887,-0.529121014983079,-0.302482184382452,-0.0100314952341681,0.70872662000381,-0.556327943367723,-0.022787776491828,0.830650309499008,-0.317631705424804,0.0131451951004164,0.657080390351278,-0.556327943367723,-0.022787776491828,0.830650309499008
836,0.438739448783116,2.44430772396947,-1.41986514505461,0.574183648700287,0.564766308005187,-1.79677198362942,0.364263530901529,0.233570472288863,-0.0863716016939344,0.00139997435130853,0.321773575188102,-0.946815613719209,0.35550588583912,0.26604211957337,-0.0383831054100186,0.00139997435130853,0.321773575188102,-0.946815613719209
837,0.563787657339729,2.3328139230716,-1.54004731395512,-0.201190647282797,-0.0246386774334229,-1.60046010450842,0.480437685245555,0.306500591809366,0.0419497011609487,0.653862363940969,0.419217262528742,-0.629857837785191,0.427230798441103,0.326788123930928,0.0557860025812996,0.653862363940969,0.419217262528742,-0.629857837785191
838,1.56881631885832,1.57436299450002,-2.31278940223589,-0.447286760634007,0.704481245370502,-2.1316883950354,0.052947629812467,0.364600655812664,0.63661622494474,0.281991736525858,0.945279739494716,0.164094102977325,0.0154623884664956,0.345867849255695,0.595653575619612,0.281991736525858,0.945279739494716,0.164094102977325
839,0.703838157143263,2.23870144469735,-0.83715299097501,-1.30144751939391,1.00709541125627,-0.431287841758197,0.303322846073428,0.0538339486033575,-0.0190770247436435,0.464759693601305,-0.674269879387103,-0.573897688577783,0.266931870917713,0.0960538563078363,-0.0371650406835255,0.464759693601305,-0.674269879387103,-0.573897688577783
840,0.283278593519768,0.436160111159768,-1.38947850820615,-1.14220697973757,-0.420600246151595,-2.0860606975867,-0.0926971999381996,0.0475087746635781,0.66243188167117,0.198908862238509,0.444699353896389,0.873314232774845,-0.0563537215115855,0.0422249482916277,0.616767532833972,0.198908862238509,0.444699353896389,0.873314232774845
841,-0.737402944981101,2.03080862311503,-1.30917127513439,0.978288726320212,0.168203866834511,-2.44802837784545,0.394701194899736,-0.321624895539658,0.108401216392604,0.640140330772009,-0.3938592870281,-0.659617479256592,0.402049968650037,-0.272266885639591,0.139122257766096,0.640140330772009,-0.3938592870281,-0.659617479256592
842,0.536576319963731,1.99978239167153,-1.10250262541525,0.9820065753195,0.242540659901863,-0.693846976633562,0.360952337464117,0.259985922025321,0.0514291557700056,0.390111787837538,0.464412709023216,-0.795068316994155,0.386505532855951,0.25253337313178,0.103635417082765,0.390111787837538,0.464412709023216,-0.795068316994155
843,-1.53319532214969,0.326317542362454,-2.19234442556651,-0.384438864116121,-1.06926782803654,2.63029119765637,0.0433639510521854,0.553227759847578,0.492985430096872,0.293538293444989,0.94524284781927,0.14265773350197,0.00423303060851313,0.52353007251634,0.524935679429342,0.293538293444989,0.94524284781927,0.14265773350197
844,-0.856776125412948,2.85753592460481,-2.49185607700664,-0.339063166916759,-0.48792920304391,-0.780806293611876,0.490242383348839,-0.518236590726498,0.161489627267173,0.753590679980303,-0.631559460867282,0.182301218964253,0.488027171342681,-0.461396596510137,0.175571810807088,0.753590679980303,-0.631559460867282,0.182301218964253
845,1.32160815549026,1.41644651105173,-2.42303595599486,-1.490533863381,0.0676694667915525,1.50777308032361,0.0542963241487571,0.161628030946581,0.808657144366563,0.179468618368636,0.431934608103726,0.883868490977665,0.0385332374996734,0.105939777606163,0.799473270500541,0.179468618368636,0.431934608103726,0.883868490977665
846,0.540178615333037,2.79205532625987,-0.66502875979394,0.840567278415308,-0.381627124167661,0.124238079791045,0.15172650609596,0.0302899601031891,-0.220533171913621,-0.0269869245367378,-0.339718108566053,-0.940140049469414,0.196753216322903,0.0264846069827464,-0.183222119211136,-0.0269869245367378,-0.339718108566053,-0.940140049469414
847,0.686027915308178,1.60175987315549,-0.955034443576431,-0.886032732970478,1.05972216670342,-2.34038307150741,0.301197492824478,0.0809735249095777,0.151290802341961,0.522162038772857,-0.445639397595744,-0.727153582522342,0.243646706630417,0.0759970696118108,0.161146861448658,0.522162038772857,-0.445639397595744,-0.727153582522342
848,-0.411494238610147,2.94141323306551,-1.38428129091691,0.368909690211114,-1.07335988204252,1.5178531784272,0.431114584996106,-0.252746176736875,-0.170877446020131,0.664740575181516,-0.635863882096195,-0.392169722381655,0.375542523017859,-0.264622676663414,-0.156570291272215,0.664740575181516,-0.635863882096195,-0.392169722381655
849,1.13832518860899,0.771221910895757,-1.59773177210204,-0.782969371771242,-0.925309591135898,-1.58188320891261,-0.124713293786753,-0.0109795940460582,0.709656863817157,-0.545497310307985,0.162723393043751,0.8221640844765,-0.124483537302701,0.0214173508367275,0.66082669717583,-0.545497310307985,0.162723393043751,0.8221640844765
850,-0.0707566282011673,1.61322716363977,-0.525623048163627,-0.286389744467943,-0.214822442909804,2.55858650132163,0.3280378045236,-0.0103589911663163,0.0697444623528956,0.702206988825002,0.0105981384736019,-0.711893969848192,0.280709017921257,-0.0448571030031433,0.0717107376244807,0.702206988825002,0.0105981384736019,-0.711893969848192
851,-0.777083356167111,0.534978071239036,-0.874117121706143,1.39413763413538,-0.0273958927404447,0.0321737199615084,0.11261129967242,-0.117629300181179,0.497087683134132,0.628548166369754,-0.656014701578039,0.417818039182964,0.0551810319000102,-0.125032945209447,0.488090440007225,0.628548166369754,-0.656014701578039,0.417818039182964
852,-2.33440156583172,0.689612682931789,-0.669731177982695,0.365459651689459,0.642235265652789,1.90981333828743,-0.11331853532393,-0.179405379171964,0.268597353595815,-0.423909081079089,-0.752347436972673,-0.504256308893932,-0.119975938939562,-0.122129770626853,0.258148255889042,-0.423909081079089,-0.752347436972673,-0.504256308893932
853,0.882907721349979,0.387132766760506,-0.605404996833003,-1.20435938044557,0.153531910435531,0.422156393462776,0.125014119111389,0.109970808827305,0.3985875355076,0.719160244381331,0.650223091056002,0.244986682819624,0.0722510440886531,0.10507281351567,0.423608877519418,0.719160244381331,0.650223091056002,0.244986682819624
854,-2.28031739716827,2.79882482038428,-1.06989444144276,0.555892558137679,-0.171786911549907,1.14604006523801,-0.204992714563069,-0.214119931561037,-0.250157529455978,-0.117335899992586,0.00182343104631884,-0.993090611007953,-0.23212471714012,-0.179269003699923,-0.211644320509199,-0.117335899992586,0.00182343104631884,-0.993090611007953
855,-0.138089173106415,1.31253142880018,-0.162433791878713,-0.0486371600176101,-0.840491024677355,2.02390159884901,0.281067592163308,-0.0306500080412016,0.153876991172409,0.970317480673439,-0.0982859699661426,-0.220961206566595,0.238502412749886,-0.0693009889750175,0.142549715491249,0.970317480673439,-0.0982859699661426,-0.220961206566595
856,-0.744673275914727,1.0510874331646,-1.64577835790108,1.21972177302692,0.0690274567959286,-2.6838210622558,0.166701139521156,-0.136161708284253,0.676139815498972,0.62438129621996,-0.487416019237803,0.61038809057931,0.172460640116156,-0.0811257594966986,0.656855819700644,0.62438129621996,-0.487416019237803,0.61038809057931
857,-1.18585073145488,2.20212104816801,-1.51263116603668,-0.786640558169139,-0.682057699397091,-1.61377026353438,0.297515079875095,-0.504653270243045,0.196288896953275,0.748561273347265,-0.659047375627268,-0.0728874250027472,0.29410865655206,-0.4524870719991,0.169810905320265,0.748561273347265,-0.659047375627268,-0.0728874250027472
858,-0.0240587728156014,0.250260351534511,-1.65767913175769,-0.472623004134144,-0.494744441056205,-1.33161728696471,-0.336448833822885,0.0506582916237388,0.646461685837584,-0.349287249491772,0.224621369820637,0.909694265983013,-0.311517161050025,0.0876210417862092,0.608433186088398,-0.349287249491772,0.224621369820637,0.909694265983013
859,1.15225427106202,0.529138279737596,-0.612824199008536,-0.645000469574465,-0.345109726441498,0.900596373436582,0.0372554049883828,0.182118700316001,0.435883447731181,0.172375264139059,0.887928505826409,0.426461882064353,0.0360203959823899,0.130045608502085,0.462732430238804,0.172375264139059,0.887928505826409,0.426461882064353
860,-2.17258374857177,2.3390756624011,-0.887107700771,1.40888458106106,-0.961807187987235,1.05956133478194,-0.319177716098246,-0.192039185565356,-0.0354763075392773,-0.806828479960921,0.255097339536846,-0.532872546942675,-0.283659580247665,-0.15576502286805,-0.00620777244937119,-0.806828479960921,0.255097339536846,-0.532872546942675
861,1.06356458290589,2.54929209368527,-1.21791108034129,1.1290875056074,-0.990574122415968,1.46276271849935,0.345307552323158,0.325309869815115,-0.0498002611224065,0.910816301823533,0.0824725526658082,-0.404489730882366,0.313535493561704,0.276324581047826,-0.0448024849725576,0.910816301823533,0.0824725526658082,-0.404489730882366
862,0.829381806782413,2.62813662052086,-1.7588514839791,0.0610045100121024,-0.101136328310532,-1.81144866431406,0.40703016948363,0.444853358329278,-0.0440377239246622,0.529189388512089,0.568795275299586,-0.629627291247028,0.350978145338711,0.452429723504908,-0.0287155413130714,0.529189388512089,0.568795275299586,-0.629627291247028
863,1.63708520225551,0.288199804269881,-1.2912252546256,-0.881436512029988,0.885589493283265,0.233184368145652,0.114759695665863,-0.0194995806547521,0.526858288990746,0.54786713897949,0.767207447715882,0.333518110746192,0.080684890254121,-0.054743462488616,0.558963996106967,0.54786713897949,0.767207447715882,0.333518110746192
864,-1.89115693071342,2.57911834220689,-2.45841212741532,-1.18040313063701,-0.620375161052727,1.56821564497762,-0.110898888821719,-0.66200867171125,0.299238148166475,0.251824709102161,-0.948153863917936,0.193877709453926,-0.137037927726769,-0.624534169348514,0.335931639657278,0.251824709102161,-0.948153863917936,0.193877709453926
865,-0.671017714203768,0.228564996942409,-0.538316754561259,-0.451118890727283,0.633681719638133,2.1458364175794,0.0755445759849794,-0.121303189188474,0.297544018852395,0.582902386625507,-0.792387097222674,-0.179854095925874,0.0169631181571907,-0.120046408596648,0.296748216543389,0.582902386625507,-0.792387097222674,-0.179854095925874
866,0.831775548961747,1.69785971977271,-0.380277085937687,-1.32071032973955,-0.89829731547709,-2.63247929300459,0.0558677494901252,0.276746552884418,0.071373361139843,-0.297175564057455,0.79914450339842,-0.522546406374808,0.0694981629408149,0.223962656827736,0.0498774976717102,-0.297175564057455,0.79914450339842,-0.522546406374808
867,1.2753828374745,2.73504699601924,-1.80803699888433,-0.973724993792826,-0.937958115776813,0.492858278251019,0.0505088505128814,0.60617419737798,0.00968157678458423,-0.424728644102583,0.894795138435844,-0.137648970611334,0.0584409196698105,0.578691963812819,0.0608265581332919,-0.424728644102583,0.894795138435844,-0.137648970611334
868,0.200213953190555,1.97718652286442,-1.11061183347076,-0.164814932146021,-0.74103980366425,1.49733198832899,0.506881182956866,0.125870654688229,0.202823004849135,0.95097911227892,0.305994673539348,-0.0447882548749603,0.488112058665278,0.0713520144360795,0.213284258998784,0.95097911227892,0.305994673539348,-0.0447882548749603
869,2.27750448681563,0.561531852534332,-0.553065596901261,1.2568235253574,-0.943291190475967,-0.125105063401498,0.0261590594561507,0.195159479745251,0.397744327605752,0.218253522984514,0.930095964146874,0.295443560062738,0.0620995222564008,0.148879653010148,0.398423128808406,0.218253522984514,0.930095964146874,0.295443560062738
870,1.12510809273301,2.2305405045225,-0.580877838474876,0.11040384867813,0.133590138607586,-0.867434533726249,0.0811493204605023,0.179621642041328,-0.110596679936,-0.0667283573673259,-0.105623966110672,-0.992164756532961,0.0689585403159333,0.227858514570813,-0.079635591323986,-0.0667283573673259,-0.105623966110672,-0.992164756532961
871,0.239180912844174,0.216636255857491,-0.773785234813533,1.10130520571761,0.73855797220186,-2.63880368042281,0.0344510174335768,0.127093685755408,0.419560646593092,0.609857295146332,0.766679433011613,0.200690623980771,-0.0210362314702059,0.130434810255291,0.40101335309334,0.609857295146332,0.766679433011613,0.200690623980771
872,1.94232095270876,0.425258553833127,-0.496740990805685,0.0732061247631928,-1.062059263261,-2.09589071088423,-0.0128937664531746,0.0628055386644965,0.506588954877426,-0.0651057524940442,0.343042829494288,0.937060754767126,-0.057051427327108,0.0559499368044844,0.468679830523522,-0.0651057524940442,0.343042829494288,0.937060754767126
873,0.439076480639378,2.19677110558693,-2.47227867952472,-1.067863983131,-0.58756914499423,1.21525230733753,0.455398535230603,0.317120297769466,0.548479293278245,0.412035522547464,0.730107221850392,0.54513316974932,0.422751010206073,0.272725450712405,0.568410090165295,0.412035522547464,0.730107221850392,0.54513316974932
874,0.898509266553073,1.84339798459468,-1.88413496297574,-0.728077391802036,0.403553893205755,1.75936062730466,0.369165816713048,0.385337749867806,0.408144149565192,0.795816485569955,0.580194543632445,-0.173350548987376,0.36839504572527,0.335062773752332,0.43824120405019,0.795816485569955,0.580194543632445,-0.173350548987376
875,-1.99692087203488,1.2008472330672,-0.605170722658117,1.51139227059583,1.08424171355399,-0.420665543113724,0.059375731180827,-0.277136340148352,0.243925314434577,0.645205387686192,-0.713392064681704,-0.273462556394631,0.00180881472175006,-0.283545951077987,0.252811653226474,0.645205387686192,-0.713392064681704,-0.273462556394631
876,-0.315009843675671,1.11344717247649,-1.45853474941521,0.890270461003591,0.561517816785773,2.78301051052952,0.302556702174699,-0.0145163562240089,0.525785057242346,0.992440575791472,0.1118758178069,0.0504529970638971,0.267790663646516,0.00111523569652649,0.481276901820145,0.992440575791472,0.1118758178069,0.0504529970638971
877,-1.39923687941895,1.21792836146043,-0.841994880752655,-1.10964917000829,-0.386579332022703,1.74653723287281,0.124584875886962,-0.33762244382469,0.327863365437064,0.492407275579243,-0.864264373788994,-0.102869661007246,0.082701998049534,-0.32565369566981,0.367062518637868,0.492407275579243,-0.864264373788994,-0.102869661007246
878,-1.32438751526118,1.08502473884225,-1.44074175910078,-0.48695604221831,-0.936507124200579,0.0293512227740269,0.108693811398924,-0.131868054856982,0.685288376123367,0.421715708981202,-0.131400274468517,0.897156524062596,0.0944065911834003,-0.0807361791681828,0.660480985550026,0.421715708981202,-0.131400274468517,0.897156524062596
879,-1.06406006786601,1.76113774785904,-2.49537227818115,0.374994031366213,-0.167748128541031,0.821211405559827,0.157271375739223,-0.304680563329865,0.753035174983507,0.217262607357863,-0.517403195352239,0.827702176439905,0.103837539821832,-0.293794941080047,0.73157990972326,0.217262607357863,-0.517403195352239,0.827702176439905
880,-0.913649222811597,0.978757228424865,-1.51715987132182,0.165784323145032,-0.829075544072091,-2.08883763496349,0.0310115377099648,-0.0759479373272472,0.727356481734015,-0.0219690712932869,-0.170699692179043,0.985078156795942,0.0773541680216561,-0.0588655262193925,0.695819965652872,-0.0219690712932869,-0.170699692179043,0.985078156795942
881,-1.27805849601822,0.459165528111614,-2.33632085461641,-1.02696198602312,0.402956134892844,0.234459589768571,-0.172749708565866,0.353620227089677,0.675171744208791,-0.369017633631361,0.0615417932974049,0.92738265766988,-0.141061342182007,0.394305193419652,0.647340449760795,-0.369017633631361,0.0615417932974049,0.92738265766988
882,0.100877978315272,2.818573643194,-1.01474324867325,0.720715392881308,-0.165926277182162,-1.42228292151615,0.261037915297158,0.00656426442834532,-0.255466667711523,-0.00941268008577563,-0.110507032619127,-0.993830768891424,0.293740471898834,0.0442614542595455,-0.224750797700327,-0.00941268008577563,-0.110507032619127,-0.993830768891424
883,2.05454646956401,2.42381486454055,-0.713436224205269,-1.44516383554125,0.893011745017059,0.879610157891109,0.0304929845147479,0.258955300381057,-0.0822391056623488,0.744748206000207,0.244104188894802,-0.62109842587426,-0.0252688001996303,0.276615286758416,-0.0858095743457027,0.744748206000207,0.244104188894802,-0.62109842587426
884,2.11091809170834,1.69785369471561,-1.82104971328459,-1.35690969099783,-0.172310207799226,-0.748701406296172,-0.278606534513392,0.401846073430475,0.519289386439749,-0.635233851395052,0.733629950661496,0.24138154348297,-0.290242786867403,0.354990743455707,0.4860752978009,-0.635233851395052,0.733629950661496,0.24138154348297
885,1.66125573069424,2.93756916193814,-2.43143232193835,-0.471111066012925,1.0959512245887,-0.480321876282562,0.0267972725046888,0.54412603374746,-0.103961221057893,0.393399184507308,0.131402128085219,-0.909928877640259,-0.0181787492308039,0.573610282450789,-0.0806838383173711,0.393399184507308,0.131402128085219,-0.909928877640259
886,-0.562434455330136,0.452541834365987,-1.13098424720651,-1.16629307663813,-0.271039729795697,2.46626417146621,0.0614687547869893,0.0174844189578392,0.603568444616849,0.65706847390836,-0.123238903065346,0.743688908998237,0.0132875258443778,-0.0144054256341263,0.593790561948298,0.65706847390836,-0.123238903065346,0.743688908998237
887,0.944221425325915,0.843531881826745,-0.760803582791386,-0.571679342144567,-0.285569194438509,-0.0407280513154467,0.131803758539174,0.233755746166126,0.422363846549999,0.438534731533967,0.865731597521238,0.241238658369171,0.0875485645918056,0.20784354755382,0.450719371086801,0.438534731533967,0.865731597521238,0.241238658369171
888,-1.41080579055917,0.969665242917208,-1.85193883674446,-0.231347711306308,-0.048064271561379,2.44121191425343,0.0174353756328122,-0.0861684827731413,0.754515377961443,0.0947527978729283,-0.518000640571031,0.850116017766548,-0.0192817530306,-0.0977992138478126,0.710350023243258,0.0947527978729283,-0.518000640571031,0.850116017766548
889,-2.10753276220197,2.87000339910841,-0.930499436118439,-1.43291682479685,1.05218297330268,-1.15953588654344,-0.234521933120504,-0.0731913348931718,-0.159816377588847,-0.610253605608276,0.656760857016655,-0.443007577286042,-0.177496440863581,-0.0658558853809061,-0.148490106653161,-0.610253605608276,0.656760857016655,-0.443007577286042
890,2.12015044757987,0.64708454351079,-2.55995426720397,1.24799465176828,0.769778712406327,-0.924616354574171,0.076552866765611,-0.367354239735753,0.677418088270062,-0.511667950725588,-0.428338897291019,0.74479641330218,0.124981330352473,-0.388102470407306,0.651762780074369,-0.511667950725588,-0.428338897291019,0.74479641330218
891,-1.89282922085907,1.93206458655062,-1.59021855199204,1.41154569590982,0.835810028168565,0.673045001931591,-0.023419420274099,-0.51291395880732,0.283599313190823,0.498774739787843,-0.819320015644932,-0.282733922466263,-0.0747215383817242,-0.494116491064843,0.262415642967233,0.498774739787843,-0.819320015644932,-0.282733922466263
892,1.85640644455159,0.747784631197157,-1.9351838632206,-1.63519781216431,-0.899365893712983,0.541574771285013,-0.117460502594966,-0.129335647696442,0.693581865115949,-0.814390843855465,0.000327226821903971,0.580316677657114,-0.105769787665243,-0.166368783426047,0.649697083671072,-0.814390843855465,0.000327226821903971,0.580316677657114
893,-0.94571870408311,2.3483759094541,-1.00287693479378,-1.05672734142087,-0.475785062849044,-2.05814847256955,0.301905704183693,-0.287016605681547,-0.0756258302884602,0.608767309168167,-0.162059226641319,-0.776620351490075,0.259665502512597,-0.246551454421749,-0.0721134384670954,0.608767309168167,-0.162059226641319,-0.776620351490075
894,0.299216222795605,0.564668054767562,-0.484251529949691,-1.5485251465626,0.769311202529296,-1.51021163329174,0.195522168620708,-0.0786647297816251,0.3192839789796,0.89155439422505,-0.452789820990293,-0.010589624430651,0.165604470532998,-0.0591880127268178,0.272812602478579,0.89155439422505,-0.452789820990293,-0.010589624430651
895,1.2013626128674,0.316359363182104,-0.844479884371448,-1.04164208922416,1.08614722173686,0.0943867234864846,0.154916664625753,-0.00196518698253615,0.38193435157581,0.942765117381424,0.31940200910239,-0.0957929539692065,0.115573312319324,0.0163879142085481,0.421295046513299,0.942765117381424,0.31940200910239,-0.0957929539692065
896,0.179782836462285,0.924298551635947,-1.64400683135172,0.0400545383780311,0.0338591252152316,-0.175586847574388,0.14367211091342,0.0278151884046126,0.696385083217981,0.703953857816882,0.129320372724334,0.698373257837933,0.0858935684836004,0.0237219327180068,0.705266822494137,0.703953857816882,0.129320372724334,0.698373257837933
897,-1.62970268376038,0.764946303545638,-0.996122006743392,0.350004514565345,-0.697570105693351,2.07819211069349,-0.0494618166746196,-0.146707638522567,0.595236689569254,-0.251610710542713,-0.525063957752919,0.81301899769257,-0.0745684281775997,-0.149860646933905,0.542381069273996,-0.251610710542713,-0.525063957752919,0.81301899769257
898,0.130618796036617,2.91104334140766,-1.86919270313641,1.48088950873543,0.236301261999317,1.56270908603165,0.540190285113266,0.116001733017157,-0.185135472255647,0.50971899800723,0.302116107190225,-0.805550992083512,0.485151218747669,0.0959140084171019,-0.184047127643062,0.50971899800723,0.302116107190225,-0.805550992083512
899,0.730874288462029,1.46560141534744,-1.20937433008129,0.801427743550624,0.0314504035666794,-2.14333810980026,0.322091549701247,0.295867483557057,0.352313539494946,0.715809861076499,0.672047655794391,-0.18965281734503,0.267237892552742,0.307093580831552,0.369606631682803,0.715809861076499,0.672047655794391,-0.18965281734503
900,-1.09286837412069,2.77065156946861,-1.13150591830503,0.12934314562578,0.960234521262294,-1.38118512772433,0.0874816484032634,-0.121954268150604,-0.163682874884174,-0.274796660784973,0.760303708073636,-0.588578853435041,0.14227818108024,-0.137692848564538,-0.150131598444841,-0.274796660784973,0.760303708073636,-0.588578853435041
901,1.94103799164282,1.73141021017273,-0.769140174044555,0.607816415419425,-0.791205854495476,2.67615746726664,-0.0820345322927764,0.422535861556986,0.188898998525144,0.0534412544245935,0.984784053725425,-0.165361421902589,-0.0803318031386491,0.380119312441779,0.148501757597267,0.0534412544245935,0.984784053725425,-0.165361421902589
902,-0.35559879578543,0.372374110718905,-2.30018076330545,1.55726296087085,0.154495932962816,-0.0914217602446734,-0.424122653362117,0.188889596570398,0.639859002574996,-0.342772503265896,0.29144208974922,0.893066917608887,-0.435268039569651,0.138017826724642,0.612991859089964,-0.342772503265896,0.29144208974922,0.893066917608887
903,0.683249712199939,0.773645567034874,-0.875412141077659,-0.838392183077105,0.2934274645616,2.60069511995575,0.216176881184905,0.124231882608076,0.407448622276088,0.893114275599214,0.449716403794909,-0.0101018255115661,0.205497823842801,0.0673999286757228,0.397957218453946,0.893114275599214,0.449716403794909,-0.0101018255115661
904,1.06699096282153,2.89725434551378,-0.712205396744076,0.0827560446525089,-0.116848622606789,0.782021882116062,0.048108183023702,0.0863784314024011,-0.239237780566931,-0.184233996034578,-0.35416091345718,-0.916857612764549,0.0994342680987906,0.106139359168108,-0.219010602693998,-0.184233996034578,-0.35416091345718,-0.916857612764549
905,-0.908843891951503,1.41006515335819,-0.947340261910969,1.06274121037733,-0.397429200491524,0.887618550344959,0.196566072290834,-0.356218325379494,0.306051789707006,0.302962307961585,-0.938967464635171,-0.162953798087645,0.142375809786652,-0.33515548231804,0.298718844057649,0.302962307961585,-0.938967464635171,-0.162953798087645
906,0.0254630175938986,0.601942484049322,-1.82163768193478,-1.30221799377497,0.813885513673913,1.01142916139613,-0.0987769408308848,-0.136051814030763,0.671712056993248,0.383046824039545,-0.691370860976921,0.612602206317647,-0.149060807040775,-0.10684984905219,0.678976906639046,0.383046824039545,-0.691370860976921,0.612602206317647
907,1.54036680010001,2.83059190956001,-1.0314851240779,0.0441951552136959,0.122964954286027,2.75495984381331,0.00411083117223728,0.215496788659542,-0.253314830483845,-0.0133566689289799,-0.260567296931323,-0.965363290769348,0.0190661206598858,0.18140008523343,-0.208062713054796,-0.0133566689289799,-0.260567296931323,-0.965363290769348
908,0.59801067145077,2.56479996818923,-1.37216466569396,-1.58298400812701,-0.562546253215285,0.283024264090666,0.31926972744066,0.34071571212424,-0.106220464276952,0.00870117858887455,0.651203847447381,-0.758852975589405,0.297806047732088,0.34989171978176,-0.0524700099827144,0.00870117858887455,0.651203847447381,-0.758852975589405
909,-1.87757559378573,1.49740594685783,-2.13851049565361,-0.575816583905695,-0.8555916553553,-0.405607240872861,0.0174519728256432,-0.208849580905411,0.764298505061472,0.371399493186989,-0.18887200325632,0.909059834579876,0.0440755214162487,-0.179732801142694,0.720969533267843,0.371399493186989,-0.18887200325632,0.909059834579876
910,0.12068332245032,0.912503648180777,-2.15383731210332,-1.50037111050283,-0.722978243669351,2.40648263086713,-0.0994436418572498,0.115023383571706,0.754434237134145,0.0542328043858869,0.671393213806757,0.739114304680052,-0.120973916206716,0.0606422148448426,0.758058568015449,0.0542328043858869,0.671393213806757,0.739114304680052
911,-1.84432221017449,2.51430604031828,-2.19364941945758,1.17353708019424,0.216454290840146,-1.70821379508452,-0.145018011737176,-0.658931036554787,0.17227031260489,-0.0608077020261492,-0.949851670606196,-0.306731523031003,-0.122130896768944,-0.639841823986349,0.222726054913848,-0.0608077020261492,-0.949851670606196,-0.306731523031003
912,1.40208282174467,2.38215185155136,-2.33013632740238,-1.08343379368611,0.225775365033693,-0.988543375031714,0.147760329398283,0.64641081666093,0.31351952225219,0.359167804538007,0.930610468052895,-0.0704460427115742,0.0962327329911871,0.627158576159587,0.293314125839698,0.359167804538007,0.930610468052895,-0.0704460427115742
913,-1.09664676872912,2.38756109805368,-1.06544419026649,0.614884362503892,0.433563529057538,2.44178039766952,0.190973684948047,-0.268219089920228,-0.118268706929014,0.204273078088768,0.132741177221666,-0.969872305738208,0.157281329852672,-0.234078429766767,-0.0846050687950719,0.204273078088768,0.132741177221666,-0.969872305738208
914,-1.78982565684853,1.87206044647476,-1.37309425363766,0.0979432727787226,-0.610775387612684,1.40271844212442,-0.125817188513112,-0.522391892604165,0.342504349482334,-0.267496287753309,-0.943574399069491,0.195225739744654,-0.161348894303854,-0.475910001610201,0.339198038361847,-0.267496287753309,-0.943574399069491,0.195225739744654
915,-1.1396755461192,0.719696098435335,-0.446701317335786,-1.55915309019475,-1.01819689115377,-0.350459794132796,0.21239050728663,-0.0726978613040913,0.288779093718203,0.989567702564792,-0.114674256757105,-0.0872099585933075,0.182320204092486,-0.0227138319748446,0.283177872616941,0.989567702564792,-0.114674256757105,-0.0872099585933075
916,-2.04665362114954,2.92474603473188,-1.03562087475828,0.515507487083928,-0.377918309929246,-0.138474773375328,-0.152013890060223,-0.221809368065316,-0.280170084988483,-0.207335164258375,-0.00523454302473786,-0.978255963038956,-0.178713260938193,-0.253276169974025,-0.238564989478935,-0.207335164258375,-0.00523454302473786,-0.978255963038956
917,-2.27966202992785,0.722279539659295,-0.478325735748301,-1.42607975044453,-0.415596161320336,1.84607168565953,-0.0925880654978324,-0.225498920698016,0.296940467068822,-0.290914301027273,-0.952940710053039,-0.0852811384857413,-0.103829286820744,-0.189341271032284,0.341664725741487,-0.290914301027273,-0.952940710053039,-0.0852811384857413
918,1.83104139735557,1.47066721256882,-1.14164218971102,-1.61028728970185,0.501644117733028,-0.478722413359245,-0.0172950968335131,0.421836635611018,0.331392905508059,0.244104066818332,0.950652211454159,-0.191503465817381,-0.0639199613100746,0.392860935462485,0.310886057543425,0.244104066818332,0.950652211454159,-0.191503465817381
919,-1.79713271514216,1.84202063134929,-2.55077115855639,1.44914607983807,0.420340836697355,-1.28979726779013,-0.0122068368193922,-0.398521560272515,0.702046210663363,0.243455631365502,-0.747763198125972,0.617721260023357,-0.0203134118895114,-0.342337358489263,0.716593337892182,0.243455631365502,-0.747763198125972,0.617721260023357
920,1.19571180048362,2.01744601918316,-1.87350041149653,0.117442400704574,-0.965765505632419,1.00281895715327,0.205336988874507,0.475114100175959,0.523868349054098,0.314668762245378,0.536156643594999,0.783274934870194,0.225097506227411,0.422506628617676,0.507255826964118,0.314668762245378,0.536156643594999,0.783274934870194
921,1.99279433401685,1.47572090115849,-1.66693708046456,1.37639822115579,-1.07258561244721,2.42603736114405,0.0208365070722527,0.354848676041411,0.555683554249052,0.617210798173646,0.72959646956081,0.294516251202294,-0.0265497272292428,0.360680014382519,0.521705027325783,0.617210798173646,0.72959646956081,0.294516251202294
922,0.0972063996385102,1.04360592603733,-2.17034756387605,-0.594465679542644,0.375662251258375,0.13536989515049,0.0697178504987036,-0.0314531692083382,0.77110274052872,0.62679883333312,-0.145332909491747,0.765507392486123,0.0150908056336693,-0.0104550207326594,0.774096689410528,0.62679883333312,-0.145332909491747,0.765507392486123
923,0.507998891914893,2.30565001340723,-2.16440647944037,-0.0185928778918232,0.581254916508739,-1.12581354182371,0.53913636042413,0.299540500031498,0.209216604978891,0.708247946837928,0.382618439636216,-0.593285745193837,0.504013941563719,0.329301599432731,0.245475295741573,0.708247946837928,0.382618439636216,-0.593285745193837
924,1.59687031910898,2.07813632676311,-1.76487617895979,0.12617826475487,0.741845967472222,-1.45269465081858,-0.03121276358744,0.520130462501173,0.165994035510005,-0.0998103155061603,0.565858790389057,-0.818438592844933,-0.0736446407573593,0.505000237885038,0.20347219051932,-0.0998103155061603,0.565858790389057,-0.818438592844933
925,-2.2643833347649,1.87373467592234,-1.25433766366418,-0.902389957768382,0.922190462734075,2.46424499211035,-0.340670159453319,-0.224272973959577,0.136030865487479,-0.653510124046504,0.192268314343011,-0.732091123473315,-0.332158198035607,-0.192561923407927,0.184569054429116,-0.653510124046504,0.192268314343011,-0.732091123473315
926,-0.0535821861477794,2.12849627097047,-1.30824165703555,-0.708213860271762,-1.07724673508237,-1.17024820873763,0.532791296307983,0.0820694869665942,0.230682245651352,0.829167201123697,0.529197126407177,0.180089294471051,0.479452601379846,0.103427006167944,0.219156622157281,0.829167201123697,0.529197126407177,0.180089294471051
927,0.784541588886669,0.595291035622419,-2.01460547866646,1.24524639943877,0.232177723266612,0.82979164872097,-0.17122883905377,-0.111452273381286,0.742123573156925,-0.0578469083982939,0.250306658776045,0.966436915562072,-0.124140019479471,-0.132232164911938,0.714108591824192,-0.0578469083982939,0.250306658776045,0.966436915562072
928,-2.0301825988834,0.774609998136269,-0.668869889786144,0.425645781749293,-0.942926334840655,0.888599386467249,-0.137337290731144,-0.136592548738313,0.498492611054157,-0.565973070205397,-0.39048024534077,0.726085161534712,-0.143126420377077,-0.0835276559177847,0.474314043522385,-0.565973070205397,-0.39048024534077,0.726085161534712
929,0.0926431263513505,2.83471875841107,-2.51153916687663,0.754219946507982,-0.222854778748495,1.05831605954507,0.715995080551625,0.0385244988004334,0.131362275252619,0.995676174908197,-0.0594831122225072,-0.0713492402237543,0.677685127871076,-0.00515317113139045,0.123706644975445,0.995676174908197,-0.0594831122225072,-0.0713492402237543
930,-2.01178451325296,2.29923676162651,-2.43903105479401,0.469611476797125,0.00170169145028676,0.170067408040814,-0.270024059296699,-0.575394890940005,0.436692370775328,-0.415330221677879,-0.881756700710234,0.223620052127724,-0.277269081449341,-0.52495172087245,0.465623258206298,-0.415330221677879,-0.881756700710234,0.223620052127724
931,1.12273649589848,0.932930452592335,-1.98436606708058,0.857188408881413,1.01036739159841,-1.88660165068438,-0.0777300423001473,0.122755649919629,0.653130920930242,-0.262593395168017,0.931823318603446,0.250499524392751,-0.113715079178192,0.0771987605896548,0.645153016727869,-0.262593395168017,0.931823318603446,0.250499524392751
932,0.346689486295389,1.17913635800885,-2.17054481167699,1.27409564240481,0.882789124131054,1.46150625809893,0.0568174861109484,0.170998208623986,0.714603093669642,0.218385491184883,0.864390169530226,0.452920977720666,0.0928773302545796,0.138700192810994,0.681579983354579,0.218385491184883,0.864390169530226,0.452920977720666
933,-0.651290784901645,1.55933151431462,-0.963322720162268,-0.695903136486657,-0.783846496069211,-1.08443158805996,0.389700128222175,-0.186984005700112,0.327657851939158,0.976181499535355,-0.174991251385732,0.12824875010448,0.364445563022729,-0.135015006710867,0.317889019836861,0.976181499535355,-0.174991251385732,0.12824875010448
934,-0.718917619708447,0.551335696485554,-2.03727421678178,0.184077595813431,-0.985600507814084,-0.467122940512742,-0.323901206238857,0.246594377261553,0.651840680332266,-0.718175503586631,0.425769583947382,0.550403676798549,-0.307856780033131,0.261661369092201,0.597530808808718,-0.718175503586631,0.425769583947382,0.550403676798549
935,0.997050360042246,2.64182559732116,-1.10217895642324,-0.115508175639327,0.692663732756596,-1.00535000106858,0.125157206572995,0.170351564089234,-0.172998711668962,-0.230749576438489,-0.492632835556787,-0.839087315066041,0.107191389659017,0.224037871742846,-0.157865642147706,-0.230749576438489,-0.492632835556787,-0.839087315066041
936,-0.582502418641348,0.547032416575315,-0.975685199106991,-1.56473766775506,-0.584824784115859,2.70607654428849,0.157324240840208,0.0226352567086633,0.515754319865483,0.907993799487919,0.0629094404608372,0.414233825746277,0.114941015623716,-0.0152719953722216,0.529921269428616,0.907993799487919,0.0629094404608372,0.414233825746277
937,2.08769425326094,2.92948645225752,-2.3996083659985,-1.0049189832622,-0.168200508842984,0.209555975959443,-0.368203504046166,0.591591449092329,0.000841318933378632,-0.582100361446892,0.738078039681723,-0.341174407807772,-0.379986636521069,0.555518897563887,0.0454947489842353,-0.582100361446892,0.738078039681723,-0.341174407807772
938,-0.173052762850043,1.92581995117076,-1.34228756892708,0.962163997534111,0.461932822344755,0.392276356942778,0.489147360203373,-0.0137872439513812,0.155657456071521,0.718882370756682,0.245525500813015,-0.650327121890031,0.477003182357824,-0.067465394412512,0.175786417980369,0.718882370756682,0.245525500813015,-0.650327121890031
939,1.69708474089379,0.521723267772543,-0.757521358893353,-1.49091604237058,0.328739969814551,-2.48949619755715,0.0391154015436169,0.179047287142128,0.44106915556497,0.205194944003599,0.938993415038912,0.276018842597607,0.0648291276198837,0.148830902850309,0.397944053691422,0.205194944003599,0.938993415038912,0.276018842597607
940,1.97808855613117,0.642293508575018,-2.34843493042873,-0.644539676392076,0.37682294908382,-1.67048645115957,0.144779210389655,-0.231860769423909,0.741394338086664,0.170661854683604,0.162520228955509,0.971834197039907,0.0945297706279749,-0.222695940933476,0.712671529686749,0.170661854683604,0.162520228955509,0.971834197039907
941,2.23749309174191,0.268795622921684,-1.36842554447065,0.4647405368058,-0.208584565800198,-2.50337277132032,0.109165951261739,-0.112119038454064,0.653477442056674,-0.0475312333916672,0.210474303589511,0.976443213597584,0.0646068924147168,-0.127988127300235,0.618884635089618,-0.0475312333916672,0.210474303589511,0.976443213597584
942,0.614200054888254,0.763406543672079,-1.03365633835565,-0.347695860532418,0.65025250376423,2.14231679576955,0.204019897291725,0.097292426032384,0.399070666885933,0.890981711214395,0.375899790463168,-0.254658472883223,0.188033222248394,0.0409398067309367,0.397394803250342,0.890981711214395,0.375899790463168,-0.254658472883223
943,1.31983543137808,2.14221581749939,-1.54105230408673,0.474378990357207,-0.926033449577851,-0.674001163583026,0.208809068425956,0.538762834727472,0.304264677633135,0.570416725024426,0.754879897219948,0.323699089565616,0.171018403492195,0.507290213785027,0.336129074298965,0.570416725024426,0.754879897219948,0.323699089565616
944,-0.293633302446621,1.30704477282408,-1.89758878500041,-0.885896853273616,0.522423896925207,2.14436899782263,0.268704699896293,-0.157426451257837,0.634607671738419,0.723776160902834,-0.622588040770181,0.297543610918976,0.211740869748569,-0.170044804629815,0.629139654448652,0.723776160902834,-0.622588040770181,0.297543610918976
945,1.28407253842458,0.258263754414036,-1.2166579739157,0.290764200955266,-0.557370030133837,-0.574320840665509,-0.0196181221364442,-0.164138347948405,0.640165072386703,0.141767606561805,-0.0553544322835954,0.988351067463529,-0.0514360384340095,-0.200735121048761,0.607266798858717,0.141767606561805,-0.0553544322835954,0.988351067463529
946,1.44566914700907,1.00998741448889,-1.37366044310521,0.927572490216155,-0.109850563616063,1.88347478976607,0.047543841496714,0.250533187464756,0.602548338658935,0.195112366930727,0.848244456121444,0.492354046322284,0.0585124558813982,0.239547135360234,0.546041735879818,0.195112366930727,0.848244456121444,0.492354046322284
947,0.832561313426898,0.401813734231939,-0.181652046101025,0.219054353602657,-0.641936059763489,-2.2856198089187,0.13052665431613,0.108585579662965,0.339583321333246,0.682625796555654,0.55691830909039,0.473142704558212,0.087886484117193,0.127937224098567,0.304350811586653,0.682625796555654,0.55691830909039,0.473142704558212
948,-2.06157383779555,0.229859983009872,-1.75112367387024,0.187325442578928,0.759682968066124,0.71641486172526,0.106420489702804,0.144207291262684,0.608575572321622,-0.192677856784261,-0.632691217304227,0.750051376274398,0.0918174086299002,0.200899672855239,0.605982525360539,-0.192677856784261,-0.632691217304227,0.750051376274398
949,0.470597275357079,0.752257757608065,-1.9458225287663,0.501148510251392,-0.375698771028709,0.130979166038837,-0.115023148734372,-0.0948918921580866,0.772340562725372,0.0421544053460215,-0.176326995452925,0.983428592620973,-0.138923473578607,-0.129533654470571,0.73156406488378,0.0421544053460215,-0.176326995452925,0.983428592620973
950,-1.76848569052128,1.4363197025511,-0.152822067402073,-0.332303023579668,-0.962041870002382,-1.17018298124162,-0.00356775735147607,-0.284874840842245,0.134916457470932,0.0795631084307356,-0.965359876688369,-0.248495513555185,0.0389644667801342,-0.250558055519292,0.156067536770032,0.0795631084307356,-0.965359876688369,-0.248495513555185
951,0.246325748508636,2.24859969120024,-1.78928676482807,-0.0202532811093215,0.282556337172419,1.43078289084505,0.575312588174431,0.144995823579274,0.13889945879877,0.770730175255558,0.187960314698193,-0.608806962057016,0.563856761897639,0.0944721254829181,0.166287777019942,0.770730175255558,0.187960314698193,-0.608806962057016
952,0.9136746550265,0.543824389831038,-0.360680883313414,-0.399416562462758,0.065050371590492,2.76165198898939,0.13257575569143,0.16607187750558,0.262004536329269,0.62326268738518,0.766464540281584,-0.155163562102526,0.133211047916251,0.114325286663359,0.234511141849925,0.62326268738518,0.766464540281584,-0.155163562102526
953,2.15926556873161,2.46766781222585,-1.53322852400268,1.04855941670324,-0.121887032905397,-0.676768516399167,-0.293099414485723,0.474201066333695,-0.0294306520501791,-0.30236450014376,0.642943456812631,-0.703704071605842,-0.285032329624929,0.485803264533924,0.0274403523261402,-0.30236450014376,0.642943456812631,-0.703704071605842
954,0.976575011087057,0.832176952845484,-2.1355153420926,-0.86348721943472,-0.475232805293014,-2.59625346997539,-0.151397728806346,-0.10376455816428,0.779720369794057,-0.362699548617304,0.0844242771907016,0.928074123577223,-0.104485983123202,-0.0762937618037509,0.757842447948545,-0.362699548617304,0.0844242771907016,0.928074123577223
955,1.26550327078351,1.09492874440826,-1.77975816283784,0.875306025424968,-0.254373723080109,-1.59032177296429,0.0854645214045017,0.151449028483014,0.730721102642315,0.358867229995294,0.495986362353982,0.790703382814548,0.0361400322940454,0.119876981172842,0.728647313203448,0.358867229995294,0.495986362353982,0.790703382814548
956,0.298398980463997,0.780509777161991,-2.16738107767965,-0.330946970813201,-1.05321270942563,-0.433677223631727,-0.327491505514256,-0.0428958660761798,0.703823299009681,-0.819238650037418,0.0434623656981292,0.571803337741912,-0.322625091716212,-0.0250241101692148,0.648227270756324,-0.819238650037418,0.0434623656981292,0.571803337741912
957,-2.34077490149665,0.283774441089692,-2.10308903530582,-0.984873311606958,0.220367765804407,-1.51630466780242,0.258269946667593,0.315199026677909,0.643447288942252,0.0136222911563928,0.275672232097724,0.961155166262924,0.253254143206082,0.260600278688984,0.622763516711892,0.0136222911563928,0.275672232097724,0.961155166262924
958,0.313600228713325,1.71341857145339,-1.74170732295315,1.61557175647473,-0.77220308620635,1.98547789569463,0.470783410486588,0.0126504529672313,0.461622142163359,0.895332038258741,-0.442403754451991,0.0515699458428162,0.451802521505827,0.0484119286497251,0.41925655812973,0.895332038258741,-0.442403754451991,0.0515699458428162
959,1.35330708160832,1.63867456280657,-2.51642218694704,-0.780041623974359,1.09490303261919,1.18997557150501,0.18518951664823,0.28931501254179,0.625268965901814,0.778810592837603,0.627034409798167,0.0167901582186371,0.178177549618375,0.241325222787474,0.658159882546211,0.778810592837603,0.627034409798167,0.0167901582186371
960,-1.328471106338,1.97019745445327,-2.26828104069091,0.186912387678161,0.632378181569675,-0.483235117538982,0.152541436835436,-0.523906034801237,0.443074542441222,0.338369368018585,-0.911197179586386,-0.235001852546996,0.157602590859003,-0.496974659219085,0.494873053319459,0.338369368018585,-0.911197179586386,-0.235001852546996
961,-1.96193985287766,1.81616359254609,-1.01045851187335,-1.23608975790743,0.802114645119178,-0.0690432174912212,-0.260283113543754,-0.29222614770179,0.120252136419166,-0.767930596289127,-0.0812829312616234,-0.635354770477522,-0.215551382245231,-0.329633986748719,0.126059527647225,-0.767930596289127,-0.0812829312616234,-0.635354770477522
962,-1.05549363126071,1.03721884319716,-0.944192632681643,0.000323424622178381,-0.122671806832849,-0.985807656468028,0.159448174690055,-0.278683368474132,0.424587078760177,0.489398822686337,-0.864226341778664,0.116625994225542,0.17491692375899,-0.22649574115498,0.446293514603944,0.489398822686337,-0.864226341778664,0.116625994225542
963,0.310658795078267,0.200019392836739,-1.22025713020934,1.43717393265013,-0.0400280256933674,-0.969455617571676,-0.0898157393738929,-0.0365910681622142,0.613451806129062,0.432755845898637,0.0972813914486558,0.896247013227028,-0.134674963968469,-0.0717680664525314,0.59987871657449,0.432755845898637,0.0972813914486558,0.896247013227028
964,1.42824214007451,0.562433687258737,-2.37130899501872,-0.180022823838208,-0.0757393017566617,1.33770766058995,-0.0607281848472432,-0.395043795753497,0.705088675453841,-0.0687227118450589,-0.383363726267524,0.921037155742884,-0.0182066781343304,-0.405151887824444,0.666053461331859,-0.0687227118450589,-0.383363726267524,0.921037155742884
965,0.937942920971776,1.66351326399311,-2.06134174433655,-1.13118481203327,-0.21468201460118,-0.352821192150361,0.220622659416407,0.364055705989347,0.640273027397384,0.330763407197494,0.7768819483423,0.535770479588953,0.166108541273893,0.355944617039166,0.620362699444629,0.330763407197494,0.7768819483423,0.535770479588953
966,2.23868909081615,2.77597908787202,-1.81438588447979,1.1956523871118,0.132259109570894,0.24960521661717,-0.370721191162454,0.431293679116329,-0.131007849559639,-0.46720984367606,0.394174286442054,-0.791417458665204,-0.323161315832218,0.452629237782231,-0.104233753963593,-0.46720984367606,0.394174286442054,-0.791417458665204
967,1.6129583802583,2.38380567763032,-1.26021616657192,-1.64276412614327,-0.285145183271809,-0.361045222886624,-0.0728731277452952,0.458529706845199,-0.0679550332485872,-0.300177500553415,0.459147957690982,-0.836108020000829,-0.102245861560068,0.417595297554012,-0.0380281783482131,-0.300177500553415,0.459147957690982,-0.836108020000829
968,0.627703484049338,0.571792922635943,-1.18983460032967,-0.319481849111795,-0.979455948494922,-2.05741436383246,-0.0806093559453638,0.0047059950652253,0.663220128712909,-0.223118760274918,0.160267011585154,0.961526132671883,-0.0695088438028333,0.0454611384042641,0.622602436489102,-0.223118760274918,0.160267011585154,0.961526132671883
969,-0.515962311219006,1.45005202527256,-1.75650227866303,1.17834018969013,0.235314170782422,-1.71188718298428,0.364188849540138,-0.158647646916111,0.581202896075097,0.917170493611996,-0.272573914617714,0.290691841504889,0.329034642985868,-0.120087639327221,0.607873246209364,0.917170493611996,-0.272573914617714,0.290691841504889
970,-1.67987121283889,2.32561574102928,-0.977795196289028,-0.52009786594264,-0.973682154624933,-0.450116251730215,0.0275017006074392,-0.481196091384164,0.0171682177504065,0.315449756106686,-0.894656097024773,-0.316357265490511,0.0459305094784103,-0.452408333785502,0.0647669994158853,0.315449756106686,-0.894656097024773,-0.316357265490511
971,-0.18442541532901,1.67033047067273,-0.551319323045355,1.64342521506728,-0.258237612486746,-1.75166794302896,0.283330045248021,-0.102449559907729,0.0388400786125184,0.425528934635768,-0.338489032624343,-0.839255801636655,0.309808139173352,-0.0934397229377043,0.0903350626386826,0.425528934635768,-0.338489032624343,-0.839255801636655
972,-2.22484841887223,1.8330055774031,-0.78705281596205,0.504942670861931,-0.961932335955531,-1.9610134575209,-0.326189664655048,-0.302947339068928,0.186624411535751,-0.872361025207805,-0.48569122756925,-0.055590225405763,-0.272681352922341,-0.326635769552162,0.183506906642985,-0.872361025207805,-0.48569122756925,-0.055590225405763
973,1.20474293080875,1.55822467526729,-1.62917093414533,-0.698043149455576,-0.688739244113752,2.52835198812014,0.069462174667821,0.402213881109091,0.582303859481059,-0.135988062092804,0.786490753698725,0.602444637551581,0.120316456688743,0.383754488391252,0.559785137922652,-0.135988062092804,0.786490753698725,0.602444637551581
974,-0.480399066528563,0.550242650857688,-1.24807613786208,-1.54816913556629,0.106396296370092,-0.584481134103086,0.0534129307649648,-0.050663764152874,0.621497781773439,0.576166121433288,-0.419976732038886,0.701179110540566,0.0698367920496446,-0.0104309108997571,0.582183989033298,0.576166121433288,-0.419976732038886,0.701179110540566
975,1.22968011618385,0.617029228803949,-1.42593057727798,0.308802627165943,-0.910605708571054,-0.0161604282967018,0.00358606896445697,-0.122910418881387,0.701585568576687,0.157769938465769,-0.273116961282958,0.948955094815382,-0.00935367093257928,-0.158265059797177,0.656678859755926,0.157769938465769,-0.273116961282958,0.948955094815382
976,1.30485770749729,0.535169448822925,-0.862566833943898,1.09061892300249,0.0288726433166007,-2.79879234537202,0.0384416180832589,0.162224432692692,0.48921129513021,0.217156097863584,0.894625607572236,0.390497441011679,-0.0136902677076565,0.144514585892291,0.469145707419174,0.217156097863584,0.894625607572236,0.390497441011679
977,-0.675230751300423,2.90675940334417,-2.21102253851804,0.90606751215654,-0.30528945970326,-1.23452029139403,0.496169833054791,-0.454111271395129,-0.0384086575141414,0.545692286573306,-0.740081554815,-0.39306388869624,0.503567363301196,-0.429280573995975,0.0141528589491909,0.545692286573306,-0.740081554815,-0.39306388869624
978,0.204562948822139,1.30785626228921,-0.328296440319717,-0.47188884128331,-0.850929723829085,-1.38426581296309,0.286730596876954,0.127444842096541,0.204727138282478,0.846242695428658,0.524627272741907,-0.0929490458747626,0.232095676401853,0.148573926007412,0.203118636567607,0.846242695428658,0.524627272741907,-0.0929490458747626
979,-1.62258713056721,2.45485134624538,-1.03382767334295,0.525552720411102,0.360402259183214,0.267209751944907,0.0192411992346142,-0.305189198705638,-0.145243282124856,0.18066162272414,0.0675419982338263,-0.981223448837859,-0.0207836168732642,-0.339221609499133,-0.119285448796296,0.18066162272414,0.0675419982338263,-0.981223448837859
980,-1.00869372040101,0.432006983388818,-0.544533529964318,-0.609988608692067,0.216928711428636,-0.17652498299565,0.0799547287565256,-0.168944023534069,0.34232733377667,0.424452858081648,-0.905209146857931,0.0208847243471731,0.0945103397025411,-0.12269448894895,0.375238042378099,0.424452858081648,-0.905209146857931,0.0208847243471731
981,0.745555113025099,0.894585705598867,-1.8715092572226,0.630028363718441,1.03975898162675,-1.2289813345201,0.0141704405367561,0.146714076423679,0.612489947249071,0.283506591319511,0.953233293420678,0.104739204659768,-0.0328942412403575,0.121357713601432,0.636489334608869,0.283506591319511,0.953233293420678,0.104739204659768
982,1.66815667243089,2.70415287578759,-0.528669322448635,0.831917675140453,-0.528947708843601,2.52722674094538,0.0563673116841305,0.146047821950947,-0.187629815355083,0.384066784455711,-0.0948150342050902,-0.918424092871337,0.041199942763826,0.102578087946447,-0.151376082504335,0.384066784455711,-0.0948150342050902,-0.918424092871337
983,-2.24195423995326,2.21740072422405,-1.43025211712824,0.300720561122504,1.06395697646473,1.96128634094325,-0.18918644909266,-0.319935384659968,0.00592989139856313,0.306402534151983,-0.0305974021293897,-0.951410156582416,-0.214483485893896,-0.274601457558094,0.0331125142042978,0.306402534151983,-0.0305974021293897,-0.951410156582416
984,2.24638799960496,1.13156082265041,-1.88890618233423,-0.605415477961422,-0.359070532789525,0.271860689410646,-0.114236811719527,0.0796013239292514,0.763780841003803,-0.409733617653566,0.191475573029871,0.891883101923903,-0.0843605768038217,0.0315344594215862,0.748582580456511,-0.409733617653566,0.191475573029871,0.891883101923903
985,-1.01219646639502,2.74521822452978,-0.934200433154566,0.941435700630317,-0.696120187192193,-2.02971318908371,0.0790589020113271,-0.311742454053018,-0.201198384651145,-0.303847894988415,-0.491937436554861,-0.815888482102144,0.133517298330891,-0.293476721458476,-0.189594674766545,-0.303847894988415,-0.491937436554861,-0.815888482102144
986,-2.09350891072906,1.90452348223496,-1.13018526557181,-0.412081159930443,-1.04833037811102,-1.92591232327906,-0.189735231766573,-0.464688604311909,0.295830017890716,-0.143305806157828,-0.943953575674004,0.297346755310558,-0.150073607580951,-0.445857438633353,0.257018386049923,-0.143305806157828,-0.943953575674004,0.297346755310558
987,0.0319165156434869,2.3815482397667,-0.712456157651517,1.4322293926807,0.648215188254709,-0.258514621574704,0.224577197211233,0.121634694457558,-0.105515522823342,-0.11121934772618,0.594727459966604,-0.796196900931569,0.246152145026184,0.0671511184690129,-0.105267381165168,-0.11121934772618,0.594727459966604,-0.796196900931569
988,-0.733255643284072,0.532461803856363,-1.1998673154959,-0.964167959400467,-0.838857371437463,1.51278415835597,0.0609677368858147,0.103277160804335,0.625107952140371,0.55494397152724,0.322660537230414,0.766764218113857,0.00339660843078927,0.092359866670275,0.625722653047639,0.55494397152724,0.322660537230414,0.766764218113857
989,-0.201430205415786,2.20823260870959,-2.3030950251726,-0.20068808978085,0.126024068981499,2.00975897354454,0.611820200149422,-0.128404445150778,0.411736573327191,0.972779848097304,-0.224216532671849,0.0585347214258317,0.568163040506146,-0.165176921517265,0.398476204035284,0.972779848097304,-0.224216532671849,0.0585347214258317
990,1.94117589213918,1.1498594326668,-1.65831465674572,-1.31166834063454,0.346074646560158,-1.58928667944454,-0.0376551514915743,0.268986336228414,0.63839768252616,0.00614363498087665,0.89002476975619,0.455870776612915,-0.0575373886228707,0.257403170062052,0.584504019557149,0.00614363498087665,0.89002476975619,0.455870776612915
991,1.72677093185305,1.26876221671849,-1.46043496096001,-1.04944880414972,-0.949904989853577,1.60829572717243,-0.174775344718776,0.239697314159297,0.596257123971899,-0.766298197486517,0.332758266066828,0.549598952776579,-0.122463263847537,0.222245710956083,0.616078520001406,-0.766298197486517,0.332758266066828,0.549598952776579
992,1.42251796974201,1.46662196598582,-0.493064552471989,0.41433682357803,-0.701641766534213,-2.65604317614169,0.10022048170299,0.34373979654594,0.186358549916702,0.395981506002205,0.891968984525888,-0.218151272167006,0.0540523123959902,0.318651558252986,0.160414756011489,0.395981506002205,0.891968984525888,-0.218151272167006
993,-1.74463183839737,1.04890282823561,-0.786496118684488,0.900179895124144,-0.771742990845489,1.67185924577627,-0.150983123397859,-0.26151727040385,0.419857594691855,-0.673253970870579,-0.674977987141449,0.301883765018055,-0.152814471970449,-0.229884236455879,0.370562591642335,-0.673253970870579,-0.674977987141449,0.301883765018055
994,-1.57702691361181,2.18353283973915,-2.37146899600286,-0.349987541432861,0.693562555778167,0.169420236193131,-0.0442437725675911,-0.594313344518584,0.356823525785178,-0.224827569127594,-0.90183266642637,-0.368985644607592,-0.0317204320493051,-0.581448973018203,0.412605905513577,-0.224827569127594,-0.90183266642637,-0.368985644607592
995,2.10812254149603,1.05193984825653,-1.15876910773607,-1.02150053250303,-0.236594596452569,2.81897051402246,-0.189058953275506,0.241276041206421,0.510996809046008,-0.647898732717697,0.696876404770223,0.307555700024126,-0.13417421051129,0.250234049749953,0.492519279594272,-0.647898732717697,0.696876404770223,0.307555700024126
996,-0.736603586135109,2.72462113610991,-0.868704490511466,-1.55062966702654,-0.0411154396480669,0.999869513864958,0.156724142508298,-0.131500168636741,-0.225465331977055,-0.117298704292414,0.161846781404066,-0.979819694290978,0.206578545116148,-0.145478115958942,-0.198021652754469,-0.117298704292414,0.161846781404066,-0.979819694290978
997,-0.459539248283638,0.592461261441181,-1.20002720936964,1.48169575322542,1.00861275026927,2.76914539628664,0.112538372564493,0.124043796461434,0.537836652556608,0.783971978772884,0.55231268028908,0.283440716360265,0.0801989791400234,0.131372863614347,0.489520522666007,0.783971978772884,0.55231268028908,0.283440716360265
998,-1.98168598317633,1.59513608107498,-2.33631337069547,-0.204915736711579,-0.412910627498742,-0.683039251476078,-0.085133807203208,-0.237920980893708,0.784881488004734,-0.0568366333169401,-0.334895097094171,0.94053967011258,-0.0384929969632709,-0.213440263549694,0.759204079675919,-0.0568366333169401,-0.334895097094171,0.94053967011258
999,0.889350415440705,1.8413578666346,-2.04091210587289,0.115974227562845,-0.975560796645949,-0.389709326540814,0.262566838569164,0.296915169633271,0.661736434852308,0.266623161574703,0.176639808715289,0.947475840161076,0.215217641703173,0.267537888424718,0.643597280932151,0.266623161574703,0.176639808715289,0.947475840161076
1000,-1.45736514964383,1.0832934492219,-0.286174974130914,1.14547745436201,-0.533663927269076,-0.694034320494907,-0.0592012054243439,-0.257098634586697,0.164467424664992,-0.37100699783039,-0.837149894437898,-0.401912753969686,-0.0606527379695856,-0.241795446062828,0.221015682589291,-0.37100699783039,-0.837149894437898,-0.401912753969686
